branch,rank,width,seed,validation_pressure_kpa,fit_converged,density_global_percent,u_ms_global_percent,v_ms_global_percent,temperature_k_global_percent,mach_global_percent,pressure_tecplot_global_percent
polynomial,2,0,690,18.0,True,4.138145089486135,9.590473938051582,12.572993496805356,4.446638763731913,11.332189512027549,4.968455217800857
polynomial,2,0,690,19.0,True,1.3434404949172074,6.436249591474873,11.872591933322903,1.2280060537964452,5.6035445725769755,2.013345343828915
polynomial,2,0,690,20.0,True,3.9685211046455753,9.512918580808993,10.77091159578188,3.415460715283852,10.786291288694104,4.713974643100678
polynomial,2,0,690,22.0,True,14.202160947761532,33.68125273760383,36.05704241490707,11.962572566305345,37.32053131601713,16.843283352318664
polynomial,2,0,690,23.0,True,3.8041669559205724,9.39248335096244,12.12194759882932,2.9384423442539322,10.945593495470083,4.409535309928989
polynomial,2,0,690,24.0,True,5.953956987013435,14.351500288024305,18.94915040210184,5.082833552816226,16.521564057811588,7.303150898077447
polynomial,2,0,690,26.0,True,4.288148986816912,11.167003157319519,10.91181145168273,3.027045545962271,13.072971098122002,4.919663602413614
polynomial,2,0,690,27.0,True,3.05442628928461,7.914287476005809,11.5946339055043,1.9982061862523635,9.074376267662485,3.5209468818951914
polynomial,2,0,690,28.0,True,2.4515610283917235,7.942995156029956,11.857185089671837,2.115904731495711,8.582081109627824,3.0728930954807727
polynomial,2,0,690,29.0,True,1.4920183138766483,3.8775562770423115,5.0312813317289375,0.8746214985092466,4.0864631595772805,1.826137388340552
neural,2,8,690,18.0,True,4.379188309652674,11.566054632336051,14.899978010644388,4.273573807454584,12.37388257638022,5.2237402082933135
neural,2,8,690,19.0,True,1.6513290543164658,4.961876229101231,10.458388876495148,1.4955089539409796,4.411811964480856,2.691080264387885
neural,2,8,690,20.0,True,4.32309564329685,11.007988255845937,12.541350465446149,3.50564968803284,11.847792835379744,5.04219863357992
neural,2,8,690,22.0,True,14.053817105109253,33.785761708174675,36.38352923282282,11.97531420259381,37.37261283431232,16.7112464166371
neural,2,8,690,23.0,False,4.731346766003211,12.655576449881172,14.489396633634827,3.265345607742908,13.414748963094242,5.195010556013084
neural,2,8,690,24.0,True,6.737360892538782,14.162396625481822,15.693258731498805,4.771469429463304,16.522122366987478,7.769953803447594
neural,2,8,690,26.0,True,4.150899745021933,10.526440711189794,10.472171569025267,3.0322957785893543,12.63217402017862,4.79493493445113
neural,2,8,690,27.0,True,2.764844777192539,7.895610552873464,12.979899794543046,1.8979028776931843,8.848348631695183,3.2925087923386673
neural,2,8,690,28.0,False,3.0955298929268853,7.944446386181044,11.39147394721231,2.2981602437457194,8.809666086174966,3.9141920823945213
neural,2,8,690,29.0,True,1.5447492530697138,3.8947363907337342,4.95292008610538,0.9007464410198214,4.001263463746484,1.986158928751514
neural,2,8,691,18.0,True,4.375520966482334,11.438203380694564,14.74920952719993,4.278521520186913,12.311376369774427,5.206311158702083
neural,2,8,691,19.0,True,1.6894688370991635,4.775545940184216,10.237084717649648,1.550463384625031,4.24622912558752,2.7815630588789637
neural,2,8,691,20.0,False,4.206147536828311,10.628715502639793,12.056973643975624,3.475650652468608,11.552156700916692,4.948729893470263
neural,2,8,691,22.0,True,14.053338310964852,33.80560039701225,36.42100991893596,11.975368997837636,37.385143045645044,16.708795252573516
neural,2,8,691,23.0,True,4.750973625097459,12.10622649047679,13.952146113239325,3.2215342530860904,13.099532661022936,5.1703329629921635
neural,2,8,691,24.0,True,6.942040010060663,14.225781418871271,15.635755479290076,4.79215793525381,16.60407620845437,7.97204431254076
neural,2,8,691,26.0,True,4.065174688771255,10.462229261518983,10.510473803229639,3.0139919504201154,12.523407900257572,4.722403566747884
neural,2,8,691,27.0,True,2.7426472234677957,7.989854443966296,13.266186501550179,1.8918091057341688,8.90113744961139,3.2626258686549074
neural,2,8,691,28.0,True,2.9674822630821023,7.921131406202946,11.415885095691564,2.2627456303764637,8.753701494434566,3.758430041197504
neural,2,8,691,29.0,False,1.5696294739053576,3.5644665619119804,5.377015904277489,0.8381210000291985,3.759669346234006,1.9901942756505895
neural,2,8,692,18.0,True,4.345692735334796,11.420967419562578,14.717736839033451,4.27547891726196,12.28297811445605,5.190904617374127
neural,2,8,692,19.0,True,1.7154844423543136,4.720200272412909,10.181148947368802,1.5756028944007114,4.1962894768729075,2.8326459783185873
neural,2,8,692,20.0,False,4.250031223698644,10.833365155739855,12.313253073712945,3.487517732033115,11.693231267099602,4.991064869747822
neural,2,8,692,22.0,True,14.031271382547777,33.79061412781088,36.41689971202198,11.977418886709827,37.373665826891795,16.69240972021558
neural,2,8,692,23.0,True,4.357649993577147,11.860235293335569,13.632216321042796,3.1757101733381186,12.692155640311043,4.941752846518389
neural,2,8,692,24.0,True,6.884688768097566,14.187293483739397,15.683323353473583,4.793456327472983,16.56991193056446,7.9223228191587935
neural,2,8,692,26.0,False,4.097124928339255,10.476803324738029,10.43341964619204,3.0117071679833773,12.554686188862863,4.748142315935901
neural,2,8,692,27.0,True,2.7832642034369446,8.086673513819989,13.24985276926189,1.9159411275260194,9.043463570288264,3.2625645049784104
neural,2,8,692,28.0,True,2.9175474009927416,7.841377153510254,11.270996257669221,2.2264120240067675,8.689196837578171,3.6781514511725724
neural,2,8,692,29.0,False,1.4999585843680057,3.5957386622132033,5.328871127696212,0.8336187915638896,3.8121602464738067,1.8893013101557645
neural,2,16,690,18.0,True,4.416224382049712,11.622925800539953,14.981422969054412,4.275633330111769,12.424966497929942,5.247459079775667
neural,2,16,690,19.0,False,1.6394360635511944,4.9887245774515065,10.482347230540768,1.4857373291543685,4.434476510358281,2.6688221921785003
neural,2,16,690,20.0,False,4.094848109014905,9.473739013979142,10.692841149396571,3.474874492651677,10.934135468248613,4.772521608567193
neural,2,16,690,22.0,True,13.989992997856715,33.75549610823278,36.3974042636159,11.981429271248155,37.347766640581156,16.662617929870404
neural,2,16,690,23.0,True,4.701816226741301,11.983647419728051,13.824062811953663,3.2082922030561187,12.996759777718001,5.132705051670544
neural,2,16,690,24.0,False,6.778764859123671,14.222559072210982,15.607290463172415,4.760102137188827,16.563584955050715,7.796222601079565
neural,2,16,690,26.0,True,3.99947712439161,10.405981347243271,10.5258591044482,2.9934452829569516,12.428366467517023,4.665903949539234
neural,2,16,690,27.0,True,2.7951337103723612,7.987752283134643,13.009696953672586,1.91531898554315,8.974794697546434,3.2844483253650893
neural,2,16,690,28.0,True,2.833922512547112,7.920011892469364,11.496152550294429,2.230651846588422,8.708594416862592,3.5969959005470917
neural,2,16,690,29.0,True,1.7610928168056588,3.912205608303577,7.2084497027696415,0.7634791696922273,4.054242163379403,2.0704669397585405
neural,2,16,691,18.0,True,4.4216458952296565,11.89107540076587,15.296584490875563,4.267916814249375,12.55543592570284,5.286538333286733
neural,2,16,691,19.0,True,1.7237458633370506,4.720059655473579,10.190494526697053,1.5788646984956873,4.196867146554519,2.84556584610988
neural,2,16,691,20.0,True,4.248666626427788,10.698962645396104,12.147928484101971,3.486525565798378,11.62902184067366,4.974201474311507
neural,2,16,691,22.0,True,13.99125441662321,33.75227047680519,36.39006369108686,11.981308057392695,37.345831065611215,16.66399071957559
neural,2,16,691,23.0,True,4.727607684572446,12.566855020523995,14.399171829319505,3.257481810501929,13.359264764689483,5.186439394117651
neural,2,16,691,24.0,False,6.8010395245862165,14.416624709543141,15.40740378054154,4.715632063253219,16.67225118880797,7.77384220520566
neural,2,16,691,26.0,True,4.029465131113959,10.4220848169996,10.478884113683032,2.998053645077446,12.46412169254917,4.69133037431801
neural,2,16,691,27.0,True,2.8251451921296287,8.323218226551834,13.599358702473694,1.942535331693437,9.259573328166885,3.270598571450863
neural,2,16,691,28.0,True,2.836478815498687,7.905882089212481,11.464522174701855,2.2271014726059257,8.70081368054785,3.5966899815536872
neural,2,16,691,29.0,True,1.29527021853461,4.382819286776345,7.650889079301826,0.7940654888450548,4.448832623749285,1.4980741668771587
neural,2,16,692,18.0,True,4.57631281872734,12.453321763543073,16.034254958762272,4.269351955140705,12.934037365359256,5.42108899337666
neural,2,16,692,19.0,False,1.6603590352066357,5.0626421492496165,10.591668217050895,1.4805126703228613,4.502203320216449,2.682452260138349
neural,2,16,692,20.0,True,4.206180017178136,10.624851461666944,12.05226617908828,3.4756565681986302,11.550461945059281,4.948227961954577
neural,2,16,692,22.0,True,14.000848342838054,33.77078907652453,36.41355471657286,11.980346545821224,37.35841067156021,16.66978836814809
neural,2,16,692,23.0,True,4.774944045738317,12.258907085585491,14.10577185548422,3.2352507493878573,13.204938407674563,5.194087649784947
neural,2,16,692,24.0,True,6.867672773649197,14.483226574933786,15.369307579512888,4.7140869452804735,16.724657495570085,7.830730275920033
neural,2,16,692,26.0,True,4.046573118822868,10.438862343797329,10.482375279550093,3.0041974316108977,12.490622310205616,4.705941751332208
neural,2,16,692,27.0,True,2.8291528411550404,7.981197837110857,12.880975624247279,1.9259532249713414,9.003751046764014,3.305565687511305
neural,2,16,692,28.0,False,2.9951300760152684,7.958892831090132,11.479044792086377,2.280238789719956,8.785354982208613,3.800559647623594
neural,2,16,692,29.0,True,1.7403716988624502,3.5314895504448636,6.116988688556586,0.8025852627392108,3.738662674046895,2.1389008639152163
polynomial,4,0,690,18.0,True,4.146443921157897,9.589452654914371,12.626808178144412,4.450528857886286,11.316494456450686,4.982482247455812
polynomial,4,0,690,19.0,True,1.3784559208963332,6.475309795174783,12.060938661875786,1.2446453714630359,5.6332483389931385,2.0842809508493385
polynomial,4,0,690,20.0,True,3.9386185515050967,9.50381502739136,10.716826117624006,3.4042378024921023,10.76200061644669,4.6363921061958715
polynomial,4,0,690,22.0,True,14.212328552925477,33.85800063075563,36.0087957844966,11.978151204197198,37.4694781064801,16.895266693959826
polynomial,4,0,690,23.0,True,3.8523757093609072,9.554117302329185,11.537315434295508,2.9228377578098477,11.021606709727665,4.418598309633566
polynomial,4,0,690,24.0,True,5.946818769703054,14.560282164715362,19.23414681547176,4.943919618984903,16.690797735524505,7.113207024017938
polynomial,4,0,690,26.0,True,4.3179634675392355,11.078764010156013,10.110209119086495,3.0293599769859747,12.993421152659446,4.930756872712671
polynomial,4,0,690,27.0,True,3.0690245468188238,7.995222762156037,11.303927689141059,1.9806629721217002,9.117046541379809,3.4894832442135053
polynomial,4,0,690,28.0,True,2.4386595637649244,7.8505701326975945,11.468620835270075,2.1020370524559437,8.527937639667378,3.0395907983792845
polynomial,4,0,690,29.0,True,1.5515121603678403,3.9641413261192153,5.166470865183208,0.9224703041994411,4.150193244395122,1.945766520753803
neural,4,8,690,18.0,False,4.401942081517114,11.939705749088915,15.856665492075429,4.250262642760921,12.574140388279062,5.166231011503874
neural,4,8,690,19.0,False,1.8888710849964685,5.359856410966865,11.805476626797166,1.484529131962298,4.737073486277775,2.906382097139935
neural,4,8,690,20.0,False,4.812242523109282,12.597113210528482,15.086414699477277,3.739547204829778,13.075512451228477,5.682570730691011
neural,4,8,690,22.0,False,14.345490235035662,34.186910676445606,36.49409568910952,11.983467662334482,37.725068232033514,16.9854732641634
neural,4,8,690,23.0,True,5.1113790930170895,15.085584297972698,16.319372469107112,3.633135645574642,14.974065828260642,5.950973410416066
neural,4,8,690,24.0,False,6.760526093111041,15.19747517952772,17.739029628360633,4.6328751712629455,17.251667638232533,7.612745499865542
neural,4,8,690,26.0,False,4.038251921036616,10.089939369147125,9.875933762590773,3.1723870628137316,12.142518734596337,4.840724798069116
neural,4,8,690,27.0,False,2.630944657086955,8.49263650367219,14.003401107569106,1.9583929152613193,9.184102012900343,3.0719646104733718
neural,4,8,690,28.0,False,2.9233453733768706,8.84988203977157,13.950727060049454,2.0490084821415193,9.451108282339087,3.423494396109636
neural,4,8,690,29.0,False,1.3036840813907666,3.738518974539715,6.418811356631493,0.7703963001302043,3.975386646406069,1.522384754495059
neural,4,8,691,18.0,True,4.6935251595995116,11.982860002733172,15.753231797332942,4.287175086580909,12.697914953625178,5.423073491298189
neural,4,8,691,19.0,False,2.1635497507782273,5.210514438872119,11.391812401567815,1.5241537599089572,4.714157753650788,3.081418103671628
neural,4,8,691,20.0,False,5.019696719462184,13.089261257533996,15.840369218054118,3.788754555731138,13.508492022079398,5.812011658321155
neural,4,8,691,22.0,True,14.238648691062034,34.18449818387769,36.56128771032829,11.992210708145455,37.71170658487283,16.905992530635654
neural,4,8,691,23.0,True,5.301274371680374,15.305079860915718,16.49260344979151,3.6391728903483465,15.26590224225511,5.995781470518139
neural,4,8,691,24.0,False,7.14267796501002,15.068894928216809,18.389252873730914,4.734716945686634,17.318499940845722,7.970842178525804
neural,4,8,691,26.0,True,4.135054722298599,10.109863151448785,9.83596175109685,3.205648160710112,12.215371556033448,4.957311703458495
neural,4,8,691,27.0,False,2.8195616792770846,8.423804329812889,13.451650556111645,2.0131806316403384,9.290630597830718,3.2709318519909423
neural,4,8,691,28.0,False,2.8974637284963682,8.84126091404175,14.01428430748053,2.0183308302340017,9.435621399297316,3.371710215803602
neural,4,8,691,29.0,True,1.554850998694006,3.519787304478867,5.049120069197593,0.7884866927625942,3.681315051903497,1.908985442880919
neural,4,8,692,18.0,False,4.38441728664748,11.890450539926984,15.75402355834939,4.249515135659318,12.539105254043893,5.1525190025729355
neural,4,8,692,19.0,True,1.8005961706199354,5.229180738963687,11.409814958268258,1.4425926662452546,4.637754131109396,2.7543537540863223
neural,4,8,692,20.0,True,4.478094677921333,11.501111800538752,13.496737662610508,3.6413166845326965,12.16157481789749,5.487113170136235
neural,4,8,692,22.0,False,14.199367150543551,34.15821502977086,36.563270001155004,11.9931270984094,37.685800169531035,16.87136610210399
neural,4,8,692,23.0,True,5.2766416818764,15.397569618008664,16.58365730819562,3.6595514169046557,15.30012476313126,6.015286346796646
neural,4,8,692,24.0,False,6.131225830192584,14.921184841480557,19.77439072193122,4.931503911374556,16.956926730077008,7.240891544368999
neural,4,8,692,26.0,False,4.042839968241919,10.016081433294012,9.655403829568904,3.1364137053418015,12.10092672494272,4.822195540079169
neural,4,8,692,27.0,False,2.94804268757373,8.703125440276342,13.909460853369035,2.0723007832442213,9.5511861620373,3.414860115619352
neural,4,8,692,28.0,False,2.9736417347384942,8.81935194923263,13.903701008362304,2.0166233993879947,9.455271143523996,3.441304954361874
neural,4,8,692,29.0,False,1.574173441789166,3.532787487208461,4.9214776726421805,0.8217050096863351,3.694230602990346,1.9771814675653663
neural,4,16,690,18.0,False,4.289323602930988,11.48174928342957,15.304456281341164,4.260752611700695,12.279431453611263,5.060984170505006
neural,4,16,690,19.0,False,1.8288578527599026,5.237550911553849,11.528277917944465,1.4874735911392962,4.6299540091808336,2.8582146175742773
neural,4,16,690,20.0,False,4.551780226773926,11.635534935260717,13.697083608787148,3.678458620196421,12.277838727216018,5.59773933049939
neural,4,16,690,22.0,False,14.256024428977405,34.222717807688326,36.60909426987659,11.990060373025631,37.7372664579482,16.915535360898794
neural,4,16,690,23.0,False,5.017574516233288,15.725987689305693,16.558874345587814,3.6740033388536353,15.327288717244384,5.922417863826041
neural,4,16,690,24.0,True,6.896538912553581,15.065518267821085,18.19302712623249,4.68074993399489,17.239450872961132,7.73598596163174
neural,4,16,690,26.0,True,4.200651078146329,10.251638746566773,9.958825295226506,3.2190559163431547,12.366634952797426,5.005325149804778
neural,4,16,690,27.0,False,2.8907165694490797,8.577411183548422,13.727414682539345,2.039214643450494,9.439185673868867,3.3442716912823722
neural,4,16,690,28.0,False,3.013923316374782,8.806730877535461,13.867591540361463,2.0090722288983716,9.46195553659551,3.473248329784185
neural,4,16,690,29.0,False,1.3075718202103515,3.633939192593432,6.104771108857263,0.7707469092628855,3.9034983466424893,1.539601329424844
neural,4,16,691,18.0,True,4.387049827443369,11.740186399170687,15.398786856696647,4.25541335793412,12.45778785657045,5.160652460722856
neural,4,16,691,19.0,False,1.877580330125114,6.026610990002886,12.25411166863975,1.377584746010427,5.335852178891241,2.6832278819705118
neural,4,16,691,20.0,False,4.698012701311818,12.020521496676613,14.173739607639627,3.73001620307523,12.610953693991284,5.719780908008106
neural,4,16,691,22.0,True,14.221320950515995,34.14187034194518,36.550652333612675,12.001327780464841,37.694205219485525,16.903219441018965
neural,4,16,691,23.0,True,5.210604099418391,15.263155729503957,16.51048003272413,3.656038836029338,15.160536600603,6.002792413127677
neural,4,16,691,24.0,False,7.010420656213176,15.259583505519938,17.65075295107449,4.66000150538906,17.363581313868316,7.826433517735951
neural,4,16,691,26.0,False,4.146326203158592,10.173108148126593,9.855103079914262,3.187543955235401,12.27994546978358,4.936559316156308
neural,4,16,691,27.0,False,2.764981910689767,7.921764904693797,12.205970203428611,1.9556851149426162,8.90807902280978,3.201421298068093
neural,4,16,691,28.0,False,2.949001628370893,8.885868285542104,14.110999513930722,2.0210754930861485,9.488434305018737,3.4205649801606253
neural,4,16,691,29.0,False,1.519720521575088,3.4764746464422047,4.814963991304704,0.8065982453890017,3.663310327584648,1.8996694633398352
neural,4,16,692,18.0,False,4.297345959051801,11.015327612841102,14.582067094179324,4.295309477110968,12.040206964050942,5.073604439963676
neural,4,16,692,19.0,False,1.804051753338297,5.13066778370721,11.381000900233298,1.4872028296821707,4.536856663272696,2.8177463547492296
neural,4,16,692,20.0,False,4.802823659894292,13.227298719006525,15.84109656381385,3.819995818511082,13.359008449226414,5.896430778049077
neural,4,16,692,22.0,False,14.330688348667579,34.23936303671658,36.57836125561047,11.981392319800776,37.75183014028609,16.966816025906958
neural,4,16,692,23.0,False,5.14523211825953,14.517021844655115,15.959511257253839,3.5477604749209544,14.667272879967207,5.857596787674001
neural,4,16,692,24.0,False,6.969792628413149,15.030701876530886,18.185664382406294,4.701935352200783,17.241109547861814,7.80755774434366
neural,4,16,692,26.0,True,4.003343820777853,10.086477155316404,9.797431814822337,3.129682548087446,12.13217719111072,4.768524254678862
neural,4,16,692,27.0,False,2.6550811215084975,8.061104413753394,13.373045484084756,1.8595211108938692,8.797373553269832,3.082972746107633
neural,4,16,692,28.0,False,3.0240879396886493,8.847548851604186,13.932820030725695,2.044091901529588,9.49027501171186,3.513902595567201
neural,4,16,692,29.0,False,1.3956116387533306,3.593548685675353,4.998500271110889,0.77320950594908,3.765040286530088,1.6931184819954932
polynomial,6,0,690,18.0,True,4.121280581723128,9.577959046546026,12.495599597987544,4.429546900546158,11.291272906080865,4.953815571769955
polynomial,6,0,690,19.0,True,1.391689005718712,6.481146476576155,12.060511745684895,1.2483746736479744,5.6383248480841734,2.1050112595165036
polynomial,6,0,690,20.0,True,3.9447383534174847,9.503909302901423,10.472260947087946,3.3987783086434393,10.726179907836865,4.651204541145382
polynomial,6,0,690,22.0,True,14.211926411938519,33.85545956456707,36.0050742983868,11.977450991305052,37.467230994940955,16.89705914182102
polynomial,6,0,690,23.0,True,3.832968671531509,9.469256412794259,10.939004315362297,2.9182468253219023,10.869030115323012,4.4134581663449195
polynomial,6,0,690,24.0,True,5.946327057346848,14.61490876137316,18.703296683572127,5.007185754670085,16.754779119222032,7.1372695096461465
polynomial,6,0,690,26.0,True,4.31194201293061,11.161705951868548,9.862403103607846,3.028037985355737,12.956898520256486,4.942096556282729
polynomial,6,0,690,27.0,True,3.0570858250660278,7.9441338192218796,11.142595868089835,1.9912511830514943,9.01903997160425,3.4994663247667033
polynomial,6,0,690,28.0,True,2.4436989218534806,7.921784326981536,11.59838439741513,2.118934617025295,8.58481178909242,3.054262953366108
polynomial,6,0,690,29.0,True,1.5606409327969066,3.9713813997955856,5.187414289472869,0.9194556979556971,4.165754825868565,1.9544078388571566
neural,6,8,690,18.0,False,4.8641843155438,13.044198629081338,18.218787693816648,4.299663195263553,13.448857033433553,5.561381776607817
neural,6,8,690,19.0,True,1.1156308826829644,7.303990998906437,12.95770810115332,1.1434055362371167,6.285179372607821,1.4934861849738752
neural,6,8,690,20.0,False,5.460318164144527,16.902368971828068,19.4635241388014,4.477339439522876,15.598445785922072,7.261786403682353
neural,6,8,690,22.0,False,13.984226414857522,33.967285401571154,36.54826736523547,12.035732012435906,37.56089725246504,16.69648216964341
neural,6,8,690,23.0,False,4.7964954541722715,14.920362814515423,15.720728602492478,3.535883221410227,14.676967755614568,5.606651613089894
neural,6,8,690,24.0,False,7.202680689762808,15.076257357029546,18.235645528641257,4.800631959877978,17.38373496601747,8.072197643829861
neural,6,8,690,26.0,False,4.095176766258677,10.096566349005439,9.736581986429039,3.144950632441131,12.199294896538532,4.861979962891823
neural,6,8,690,27.0,False,2.9385829751501524,8.310231480995984,13.054596738293672,2.040621893264167,9.290127044245567,3.4024639655168207
neural,6,8,690,28.0,False,2.899992959444148,8.506032692065995,13.131173584390693,1.955634402719737,9.200139587508117,3.285032893249614
neural,6,8,690,29.0,False,1.309793295435932,3.663162308034837,5.685198722371964,0.7754062884537517,3.99816169214243,1.500216037061497
neural,6,8,691,18.0,True,4.5338525140695864,13.130986874830503,18.807846996254995,4.261847770064451,13.357351859794411,5.274782907406984
neural,6,8,691,19.0,True,1.1070976289479575,7.384048646382,12.930185991403029,1.1507618287933312,6.346930867182716,1.4870463709035986
neural,6,8,691,20.0,False,4.984877115105896,12.94244546660391,14.0619735217633,4.077636415551224,12.721299078570672,6.723826422663046
neural,6,8,691,22.0,False,14.156851646946892,34.03065178248341,36.32057052909895,12.004520753156147,37.60528852977916,16.85461727865397
neural,6,8,691,23.0,False,4.68309086094584,14.597662080061491,15.450066894553622,3.5244415131413733,14.360472811368554,5.584518641905137
neural,6,8,691,24.0,True,6.349759108749213,15.015121078936003,19.42221668939613,5.075568989214859,17.06669543679679,7.543565910954279
neural,6,8,691,26.0,False,4.082028504206871,10.190155349813665,10.07137390553022,3.197305784183176,12.2491890385359,4.885716346002847
neural,6,8,691,27.0,True,2.7285594483813984,8.452045052770869,13.518868341250414,2.042390742469008,9.262235998507714,3.226656838258979
neural,6,8,691,28.0,False,2.86238086278649,8.77424335125861,13.831057062682165,1.9774834740444545,9.37018594692526,3.2507940711607812
neural,6,8,691,29.0,False,1.3930178399823931,3.989381290808227,4.918035074099133,0.8149978251257609,4.18777186711655,1.666559490660301
neural,6,8,692,18.0,False,4.723227682527165,12.66514190932077,17.765492791877694,4.306565532539576,13.157577593520134,5.4490716792398555
neural,6,8,692,19.0,True,1.2437574602684986,6.600751213084181,12.153252180842408,1.1332212714130536,5.74126126203494,1.7071314877927541
neural,6,8,692,20.0,False,4.9490960430898925,14.252576881858861,16.361563136081845,4.027552454338328,13.796375987780825,6.395178138245947
neural,6,8,692,22.0,True,13.857519926418767,33.73546339429868,36.40515066390778,12.0732539479619,37.42338803625319,16.628214945188795
neural,6,8,692,23.0,False,5.320942137995141,14.773118502407879,16.030662547412895,3.547160994351607,14.966934158143436,5.9046012735499795
neural,6,8,692,24.0,False,6.2702343091093615,14.871566918148726,19.072908040058696,5.071608297728771,16.968583343711373,7.4724907058241845
neural,6,8,692,26.0,True,4.469239533233161,10.726744985452003,9.928497716334547,3.128218062131257,12.889550038461605,5.124742987192075
neural,6,8,692,27.0,False,2.693322502639564,7.91994943295677,12.372567959610544,1.9432012067519193,8.882756607457619,3.14013131503691
neural,6,8,692,28.0,False,2.8856373987347967,8.749455527608399,13.761701268171336,1.9855545315555434,9.362434268222932,3.282633014827375
neural,6,8,692,29.0,True,1.3568179541030052,3.750139741360254,6.05759443185444,0.7787933423649571,4.042331640803169,1.6300812678461958
neural,6,16,690,18.0,True,4.524135168889176,12.741707900045412,17.454809540353867,4.2448683348598175,13.107418900153517,5.27577845462852
neural,6,16,690,19.0,True,1.1889501890435945,7.320107865455879,12.945709772727849,1.150742001429621,6.289762342687272,1.566144612795842
neural,6,16,690,20.0,False,5.575053537102752,15.731248034303174,17.469601651340646,4.69527953817655,14.472309503854122,7.854635763010951
neural,6,16,690,22.0,False,14.084565873868257,34.145018971304395,36.58339137045402,12.022472422370123,37.684336309015976,16.79018631611835
neural,6,16,690,23.0,False,5.223393741887677,14.473883396178996,15.626281596648825,3.5069790391837543,14.703741628454273,5.801982322340187
neural,6,16,690,24.0,False,6.15805821314654,15.060614432745373,19.710176808532868,5.053439873118307,17.064400538961863,7.342019023628096
neural,6,16,690,26.0,False,4.017667311293198,10.05103946175696,9.88800361427949,3.1794878012004806,12.073724289071661,4.853811053258532
neural,6,16,690,27.0,False,2.912945869262485,7.879274384346298,11.691953013948199,1.966495655982222,8.988705852719022,3.3334110987858843
neural,6,16,690,28.0,True,2.853315178691396,8.813823340673498,13.922595258063128,2.0180949263061305,9.38972185289077,3.27863173543456
neural,6,16,690,29.0,False,1.4626019590791737,4.1131302095425255,4.915852616331195,0.8606564391819234,4.20855103559579,1.8670852677705212
neural,6,16,691,18.0,False,4.895660641872868,14.254896968896965,19.759225894255188,4.249087127168978,14.167959800546386,5.603207794551144
neural,6,16,691,19.0,False,1.1916630860029809,7.2360723478903415,13.595103499534991,1.1401793286828308,6.235065619357401,1.6069893710850638
neural,6,16,691,20.0,False,4.767225558001269,12.035092670740385,12.808584724058713,3.780064878411657,12.390185733201712,5.956628647835662
neural,6,16,691,22.0,False,14.042588776325587,34.09262605715558,36.638553278289486,12.027096307551922,37.645608202109045,16.74163126614771
neural,6,16,691,23.0,True,5.283712030745118,14.29460452264157,15.937006221314473,3.5109438027886624,14.654918882206816,5.870585777126746
neural,6,16,691,24.0,False,5.91047424437867,15.54964897913058,21.073547912127978,5.147521064878182,17.30781544833353,7.195309470638679
neural,6,16,691,26.0,False,4.110755977565712,10.22787104165487,10.29967937469388,3.2598884791765115,12.272080590259247,4.967043260854244
neural,6,16,691,27.0,False,2.655705294090906,8.074209660503504,12.84197565004569,1.9534969560116904,8.961600287460083,3.1118733209623155
neural,6,16,691,28.0,False,2.9491820747349924,8.462102071806523,12.93042184961023,1.9836753765328563,9.194867450844866,3.34737709647287
neural,6,16,691,29.0,False,1.2412447116991316,3.712684796089152,6.02004610863413,0.7684653951446879,3.9791265817478454,1.4196908543535298
neural,6,16,692,18.0,True,4.9000498612422385,14.162848213178439,19.94534843255499,4.259221955157252,14.125839379461219,5.591931553699794
neural,6,16,692,19.0,False,1.3496649107063692,5.740608344085035,11.001963042825523,1.1670349592835165,5.063557262234056,1.9270889557047948
neural,6,16,692,20.0,False,5.021347438332628,14.487661297051865,16.420383212046545,4.080022897776865,13.922906840409535,6.5425456028666025
neural,6,16,692,22.0,False,14.193536581718776,34.02726450338535,36.227610216059595,12.008856690397836,37.61633076302852,16.903884337059033
neural,6,16,692,23.0,False,5.300753146405897,13.898678416778587,15.77569805956814,3.4731543576391335,14.431924962040716,5.849296361441262
neural,6,16,692,24.0,False,6.923397636717504,14.919568825536219,18.652082143831848,4.813914655365853,17.196042751278227,7.837283395010054
neural,6,16,692,26.0,False,4.090340961975694,10.081515494068698,9.699898051343299,3.1134066824606843,12.21193646812731,4.824600915869218
neural,6,16,692,27.0,True,3.059792873594448,8.085323028829254,12.190855899992334,2.0178412841735374,9.20398094638871,3.487833309617004
neural,6,16,692,28.0,False,2.973274392629148,8.426672226235961,12.572986430455444,1.8649297581620137,9.154361012721388,3.3153969773759626
neural,6,16,692,29.0,False,1.2075247379571272,3.8237551688946354,6.242673239267496,0.7955786752070373,4.068605694663448,1.3680084758692372
