family,seed,model,epoch,train,validation
constant,7,coordinate_mlp,1,0.24075694382190704,0.16173648834228516
constant,7,coordinate_mlp,2,0.1753411591053009,0.1114962100982666
constant,7,coordinate_mlp,3,0.12451830506324768,0.0769137516617775
constant,7,coordinate_mlp,4,0.08809606730937958,0.05831611156463623
constant,7,coordinate_mlp,5,0.06644589453935623,0.055088870227336884
constant,7,coordinate_mlp,6,0.05920199304819107,0.06383208930492401
constant,7,coordinate_mlp,7,0.06358015537261963,0.07713670283555984
constant,7,coordinate_mlp,8,0.0731504037976265,0.08695435523986816
constant,7,coordinate_mlp,9,0.08064240962266922,0.08947143703699112
constant,7,coordinate_mlp,10,0.08240353316068649,0.08521376550197601
constant,7,coordinate_mlp,11,0.07869401574134827,0.07674725353717804
constant,7,coordinate_mlp,12,0.07167091220617294,0.06689178943634033
constant,7,coordinate_mlp,13,0.0637568011879921,0.057841066271066666
constant,7,coordinate_mlp,14,0.05682002380490303,0.050871822983026505
constant,7,coordinate_mlp,15,0.051899563521146774,0.04638415947556496
constant,7,coordinate_mlp,16,0.04924093931913376,0.0441167987883091
constant,7,coordinate_mlp,17,0.0484980009496212,0.043428316712379456
constant,7,coordinate_mlp,18,0.04899689555168152,0.043560948222875595
constant,7,coordinate_mlp,19,0.04998233541846275,0.04383569210767746
constant,7,coordinate_mlp,20,0.05079741030931473,0.04376467317342758
constant,7,coordinate_mlp,21,0.050984401255846024,0.04309215396642685
constant,7,coordinate_mlp,22,0.05031830444931984,0.04178501293063164
constant,7,coordinate_mlp,23,0.04879379644989967,0.03999209403991699
constant,7,coordinate_mlp,24,0.04658418893814087,0.037985898554325104
constant,7,coordinate_mlp,25,0.043985214084386826,0.03609389066696167
constant,7,coordinate_mlp,26,0.04135013371706009,0.0346226841211319
constant,7,coordinate_mlp,27,0.039018914103507996,0.03378055617213249
constant,7,coordinate_mlp,28,0.03724558651447296,0.03360976651310921
constant,7,coordinate_mlp,29,0.036133989691734314,0.03395096957683563
constant,7,coordinate_mlp,30,0.035601094365119934,0.03446713089942932
constant,7,coordinate_mlp,31,0.03539283201098442,0.034740857779979706
constant,7,coordinate_mlp,32,0.0351656898856163,0.03441886231303215
constant,7,coordinate_mlp,33,0.03461303561925888,0.03333878889679909
constant,7,coordinate_mlp,34,0.03357949107885361,0.03157773241400719
constant,7,coordinate_mlp,35,0.03210825100541115,0.029407521709799767
constant,7,coordinate_mlp,36,0.030405350029468536,0.027186548337340355
constant,7,coordinate_mlp,37,0.028746113181114197,0.02523643895983696
constant,7,coordinate_mlp,38,0.027367306873202324,0.023746591061353683
constant,7,coordinate_mlp,39,0.02638465166091919,0.02273319661617279
constant,7,coordinate_mlp,40,0.025760672986507416,0.022062014788389206
constant,7,coordinate_mlp,41,0.025331510230898857,0.021525375545024872
constant,7,coordinate_mlp,42,0.024882955476641655,0.020942993462085724
constant,7,coordinate_mlp,43,0.02424609661102295,0.020242445170879364
constant,7,coordinate_mlp,44,0.023370787501335144,0.01948239654302597
constant,7,coordinate_mlp,45,0.0223432295024395,0.018809102475643158
constant,7,coordinate_mlp,46,0.02134041301906109,0.018366772681474686
constant,7,coordinate_mlp,47,0.020541496574878693,0.018204186111688614
constant,7,coordinate_mlp,48,0.020035427063703537,0.01822938770055771
constant,7,coordinate_mlp,49,0.019772585481405258,0.018250688910484314
constant,7,coordinate_mlp,50,0.01959623210132122,0.01809144765138626
constant,7,coordinate_mlp,51,0.019344471395015717,0.017703797668218613
constant,7,coordinate_mlp,52,0.018956150859594345,0.017198141664266586
constant,7,coordinate_mlp,53,0.01850397326052189,0.01676781475543976
constant,7,coordinate_mlp,54,0.018133461475372314,0.01656261831521988
constant,7,coordinate_mlp,55,0.017954479902982712,0.016596440225839615
constant,7,coordinate_mlp,56,0.017962303012609482,0.01675223745405674
constant,7,coordinate_mlp,57,0.018045060336589813,0.016880426555871964
constant,7,coordinate_mlp,58,0.01807282865047455,0.016911158338189125
constant,7,coordinate_mlp,59,0.0179959237575531,0.01688954420387745
constant,7,coordinate_mlp,60,0.017871253192424774,0.01691358909010887
constant,7,coordinate_mlp,61,0.017800774425268173,0.017035897821187973
constant,7,coordinate_mlp,62,0.01783907413482666,0.017214477062225342
constant,7,coordinate_mlp,63,0.01794830895960331,0.017353076487779617
constant,7,coordinate_mlp,64,0.01803695783019066,0.017389528453350067
constant,7,coordinate_mlp,65,0.018043331801891327,0.017345715314149857
constant,7,coordinate_mlp,66,0.017983678728342056,0.017296183854341507
constant,7,coordinate_mlp,67,0.01792454905807972,0.017294131219387054
constant,7,coordinate_mlp,68,0.01791476458311081,0.017327681183815002
constant,7,coordinate_mlp,69,0.01794407330453396,0.017342329025268555
constant,7,coordinate_mlp,70,0.01796221174299717,0.017299657687544823
constant,7,coordinate_mlp,71,0.017931990325450897,0.017212314531207085
constant,7,coordinate_mlp,72,0.017861951142549515,0.017126478254795074
constant,7,coordinate_mlp,73,0.017791811376810074,0.017076220363378525
constant,7,coordinate_mlp,74,0.017752205953001976,0.017055418342351913
constant,7,coordinate_mlp,75,0.017739547416567802,0.017029957845807076
constant,7,coordinate_mlp,76,0.01772654801607132,0.016972940415143967
constant,7,coordinate_mlp,77,0.01769271492958069,0.016887128353118896
constant,7,coordinate_mlp,78,0.017642877995967865,0.016797024756669998
constant,7,coordinate_mlp,79,0.017598628997802734,0.016724247485399246
constant,7,coordinate_mlp,80,0.01757555827498436,0.016672026365995407
constant,7,coordinate_mlp,81,0.017570126801729202,0.016630489379167557
constant,7,coordinate_mlp,82,0.01756647415459156,0.01659258082509041
constant,7,coordinate_mlp,83,0.017553161829710007,0.016562569886446
constant,7,coordinate_mlp,84,0.017532605677843094,0.016549818217754364
constant,7,coordinate_mlp,85,0.017515918239951134,0.01655614748597145
constant,7,coordinate_mlp,86,0.017510615289211273,0.01657041162252426
constant,7,coordinate_mlp,87,0.01751384511590004,0.01657547429203987
constant,7,coordinate_mlp,88,0.01751646026968956,0.016560621559619904
constant,7,coordinate_mlp,89,0.017512328922748566,0.016528122127056122
constant,7,coordinate_mlp,90,0.017503220587968826,0.016489356756210327
constant,7,coordinate_mlp,91,0.01749543845653534,0.01645571179687977
constant,7,coordinate_mlp,92,0.017492787912487984,0.01643262431025505
constant,7,coordinate_mlp,93,0.0174932312220335,0.016420412808656693
constant,7,coordinate_mlp,94,0.01749172806739807,0.016418367624282837
constant,7,coordinate_mlp,95,0.017485547810792923,0.01642662286758423
constant,7,coordinate_mlp,96,0.017476506531238556,0.01644405722618103
constant,7,coordinate_mlp,97,0.01746845245361328,0.016465526074171066
constant,7,coordinate_mlp,98,0.017463205382227898,0.016482481732964516
constant,7,coordinate_mlp,99,0.017459169030189514,0.01648740842938423
constant,7,coordinate_mlp,100,0.017453568056225777,0.01647837832570076
constant,7,coordinate_mlp,101,0.017445553094148636,0.016459835693240166
constant,7,coordinate_mlp,102,0.017436809837818146,0.01643933355808258
constant,7,coordinate_mlp,103,0.017429545521736145,0.01642332226037979
constant,7,coordinate_mlp,104,0.017424196004867554,0.016415128484368324
constant,7,coordinate_mlp,105,0.01741933263838291,0.016415519639849663
constant,7,coordinate_mlp,106,0.017413493245840073,0.01642383262515068
constant,7,coordinate_mlp,107,0.017406757920980453,0.016437994316220284
constant,7,coordinate_mlp,108,0.017400402575731277,0.016454065218567848
constant,7,coordinate_mlp,109,0.01739535480737686,0.016466792672872543
constant,7,coordinate_mlp,110,0.017391227185726166,0.01647176221013069
constant,7,coordinate_mlp,111,0.017386924475431442,0.01646767556667328
constant,7,coordinate_mlp,112,0.017381910234689713,0.016456887125968933
constant,7,coordinate_mlp,113,0.01737666130065918,0.016443800181150436
constant,7,coordinate_mlp,114,0.017371932044625282,0.01643259823322296
constant,7,coordinate_mlp,115,0.01736782118678093,0.01642581634223461
constant,7,coordinate_mlp,116,0.017363741993904114,0.016424234956502914
constant,7,coordinate_mlp,117,0.017359154298901558,0.016427164897322655
constant,7,coordinate_mlp,118,0.017354145646095276,0.01643267646431923
constant,7,coordinate_mlp,119,0.017349205911159515,0.01643781177699566
constant,7,coordinate_mlp,120,0.017344586551189423,0.016439475119113922
constant,7,pod_deeponet,1,0.0008367233676835895,0.002194352447986603
constant,7,pod_deeponet,2,0.000666219973936677,0.002158371964469552
constant,7,pod_deeponet,3,0.0006075480487197638,0.00214768317528069
constant,7,pod_deeponet,4,0.0005920371040701866,0.0021221416536718607
constant,7,pod_deeponet,5,0.0005857881624251604,0.002047566929832101
constant,7,pod_deeponet,6,0.0005545456660911441,0.0019518696935847402
constant,7,pod_deeponet,7,0.0005150553770363331,0.0018522291211411357
constant,7,pod_deeponet,8,0.0004774077679030597,0.001749793766066432
constant,7,pod_deeponet,9,0.00044023978989571333,0.001650943304412067
constant,7,pod_deeponet,10,0.00040788669139146805,0.0015637176111340523
constant,7,pod_deeponet,11,0.0003857400733977556,0.0014864969998598099
constant,7,pod_deeponet,12,0.0003697551437653601,0.001410734374076128
constant,7,pod_deeponet,13,0.00035046617267653346,0.001331983134150505
constant,7,pod_deeponet,14,0.00032488585566170514,0.0012505511986091733
constant,7,pod_deeponet,15,0.00029685997287742794,0.0011659199371933937
constant,7,pod_deeponet,16,0.00026986998273059726,0.0010763077298179269
constant,7,pod_deeponet,17,0.0002443550038151443,0.000983176869340241
constant,7,pod_deeponet,18,0.00022043028729967773,0.0008925673901103437
constant,7,pod_deeponet,19,0.0001992539328057319,0.000811283360235393
constant,7,pod_deeponet,20,0.00018110204837284982,0.0007434121798723936
constant,7,pod_deeponet,21,0.00016462829080410302,0.000689652340952307
constant,7,pod_deeponet,22,0.00014848507998976856,0.0006477578426711261
constant,7,pod_deeponet,23,0.0001323198521276936,0.0006135368021205068
constant,7,pod_deeponet,24,0.00011627542698988691,0.0005829717265442014
constant,7,pod_deeponet,25,0.00010071055294247344,0.0005543301231227815
constant,7,pod_deeponet,26,8.65408219397068e-05,0.0005282675265334547
constant,7,pod_deeponet,27,7.487861148547381e-05,0.0005061400006525218
constant,7,pod_deeponet,28,6.598093023058027e-05,0.0004886152455583215
constant,7,pod_deeponet,29,5.9111851442139596e-05,0.00047543077380396426
constant,7,pod_deeponet,30,5.359841452445835e-05,0.00046535040019080043
constant,7,pod_deeponet,31,4.9420748837292194e-05,0.000456026173196733
constant,7,pod_deeponet,32,4.664081643568352e-05,0.00044494448229670525
constant,7,pod_deeponet,33,4.498988710111007e-05,0.00043139985064044595
constant,7,pod_deeponet,34,4.4311920646578074e-05,0.00041726609924808145
constant,7,pod_deeponet,35,4.4747881474904716e-05,0.000405469152610749
constant,7,pod_deeponet,36,4.614708814187907e-05,0.0003977410669904202
constant,7,pod_deeponet,37,4.787322905031033e-05,0.0003934591659344733
constant,7,pod_deeponet,38,4.9450456572230905e-05,0.00038976588984951377
constant,7,pod_deeponet,39,5.080981645733118e-05,0.0003828665358014405
constant,7,pod_deeponet,40,5.1776318287011236e-05,0.00037052485276944935
constant,7,pod_deeponet,41,5.1967545005027205e-05,0.00035400851629674435
constant,7,pod_deeponet,42,5.130262434249744e-05,0.00033732951851561666
constant,7,pod_deeponet,43,5.007224535802379e-05,0.0003245332045480609
constant,7,pod_deeponet,44,4.8533183871768415e-05,0.00031758297700434923
constant,7,pod_deeponet,45,4.685716703534126e-05,0.0003159422194585204
constant,7,pod_deeponet,46,4.530821752268821e-05,0.00031730858609080315
constant,7,pod_deeponet,47,4.4066116970498115e-05,0.0003189977433066815
constant,7,pod_deeponet,48,4.3025305785704404e-05,0.00031948945252224803
constant,7,pod_deeponet,49,4.2047198803629726e-05,0.0003190303687006235
constant,7,pod_deeponet,50,4.12168592447415e-05,0.00031880370806902647
constant,7,pod_deeponet,51,4.064539461978711e-05,0.00031965633388608694
constant,7,pod_deeponet,52,4.025047383038327e-05,0.0003214736934751272
constant,7,pod_deeponet,53,3.990207187598571e-05,0.00032329995883628726
constant,7,pod_deeponet,54,3.957944136345759e-05,0.00032390240812674165
constant,7,pod_deeponet,55,3.9291604480240494e-05,0.0003225969267077744
constant,7,pod_deeponet,56,3.9036702219164e-05,0.0003198163176421076
constant,7,pod_deeponet,57,3.8866357499500737e-05,0.0003168668772559613
constant,7,pod_deeponet,58,3.882456076098606e-05,0.0003151240525767207
constant,7,pod_deeponet,59,3.8849761040182784e-05,0.00031537856557406485
constant,7,pod_deeponet,60,3.885444675688632e-05,0.0003176324535161257
constant,7,pod_deeponet,61,3.882952296407893e-05,0.00032128096790984273
constant,7,pod_deeponet,62,3.879791620420292e-05,0.0003255732008256018
constant,7,pod_deeponet,63,3.8757745642215014e-05,0.0003300572279840708
constant,7,pod_deeponet,64,3.871021181112155e-05,0.00033464908483438194
constant,7,pod_deeponet,65,3.866761107929051e-05,0.00033934926614165306
constant,7,pod_deeponet,66,3.8626825698884204e-05,0.0003439351567067206
constant,7,pod_deeponet,67,3.857616684399545e-05,0.00034787209006026387
constant,7,pod_deeponet,68,3.8509577279910445e-05,0.00035050386213697493
constant,7,pod_deeponet,69,3.8423153455369174e-05,0.00035142028355039656
constant,7,pod_deeponet,70,3.832279617199674e-05,0.0003507171059027314
constant,7,pod_deeponet,71,3.822296275757253e-05,0.0003489367081783712
constant,7,pod_deeponet,72,3.812365685007535e-05,0.00034675031201913953
constant,7,pod_deeponet,73,3.801716957241297e-05,0.0003446031187195331
constant,7,pod_deeponet,74,3.791425115196034e-05,0.000342533370712772
constant,7,pod_deeponet,75,3.78313307010103e-05,0.0003402980510145426
constant,7,pod_deeponet,76,3.7768455513287336e-05,0.00033769727451726794
constant,7,pod_deeponet,77,3.7720983527833596e-05,0.0003347944002598524
constant,7,pod_deeponet,78,3.768597525777295e-05,0.00033187653752975166
constant,7,pod_deeponet,79,3.765463043237105e-05,0.0003292642650194466
constant,7,pod_deeponet,80,3.7624566175509244e-05,0.00032714568078517914
constant,7,pod_deeponet,81,3.760539766517468e-05,0.0003255376941524446
constant,7,pod_deeponet,82,3.759739047382027e-05,0.0003243782848585397
constant,7,pod_deeponet,83,3.759073297260329e-05,0.00032361713238060474
constant,7,pod_deeponet,84,3.758582170121372e-05,0.0003231886657886207
constant,7,pod_deeponet,85,3.758788079721853e-05,0.0003229368303436786
constant,7,pod_deeponet,86,3.759263199754059e-05,0.0003226268454454839
constant,7,pod_deeponet,87,3.759389801416546e-05,0.00032205937895923853
constant,7,pod_deeponet,88,3.758931779884733e-05,0.00032120198011398315
constant,7,pod_deeponet,89,3.757605009013787e-05,0.00032023919629864395
constant,7,pod_deeponet,90,3.7554578739218414e-05,0.0003194724558852613
constant,7,pod_deeponet,91,3.753022610908374e-05,0.0003191275172866881
constant,7,pod_deeponet,92,3.75055824406445e-05,0.00031923141796141863
constant,7,pod_deeponet,93,3.748022936633788e-05,0.0003196547622792423
constant,7,pod_deeponet,94,3.745495996554382e-05,0.00032026792177930474
constant,7,pod_deeponet,95,3.7430661905091256e-05,0.00032106676371768117
constant,7,pod_deeponet,96,3.7407909985631704e-05,0.0003221489314455539
constant,7,pod_deeponet,97,3.7388133932836354e-05,0.00032356352312490344
constant,7,pod_deeponet,98,3.7372145015979186e-05,0.0003251892630942166
constant,7,pod_deeponet,99,3.7359735870268196e-05,0.0003267668653279543
constant,7,pod_deeponet,100,3.735025165951811e-05,0.0003280598029959947
constant,7,pod_deeponet,101,3.7342662835726514e-05,0.0003289962187409401
constant,7,pod_deeponet,102,3.733632547664456e-05,0.0003296606009826064
constant,7,pod_deeponet,103,3.733058110810816e-05,0.0003301527467556298
constant,7,pod_deeponet,104,3.73237780877389e-05,0.00033045842428691685
constant,7,pod_deeponet,105,3.7314930523280054e-05,0.0003304572310298681
constant,7,pod_deeponet,106,3.73044385924004e-05,0.00033005489967763424
constant,7,pod_deeponet,107,3.7292549677658826e-05,0.0003293105401098728
constant,7,pod_deeponet,108,3.7279718526406214e-05,0.0003284281410742551
constant,7,pod_deeponet,109,3.726659997482784e-05,0.0003276183851994574
constant,7,pod_deeponet,110,3.725297574419528e-05,0.00032696346170268953
constant,7,pod_deeponet,111,3.723880945472047e-05,0.00032640539575368166
constant,7,pod_deeponet,112,3.72247195628006e-05,0.000325856264680624
constant,7,pod_deeponet,113,3.721078974194825e-05,0.0003253141767345369
constant,7,pod_deeponet,114,3.71969654224813e-05,0.00032487150747328997
constant,7,pod_deeponet,115,3.718357038451359e-05,0.00032461414230056107
constant,7,pod_deeponet,116,3.717067011166364e-05,0.000324522377923131
constant,7,pod_deeponet,117,3.715826460393146e-05,0.0003244703111704439
constant,7,pod_deeponet,118,3.714637932716869e-05,0.0003243244718760252
constant,7,pod_deeponet,119,3.713459591381252e-05,0.00032404332887381315
constant,7,pod_deeponet,120,3.7122605135664344e-05,0.0003236915508750826
constant,7,unet,1,0.2245563566684723,0.19708144664764404
constant,7,unet,2,0.21714231371879578,0.1859062910079956
constant,7,unet,3,0.20591525733470917,0.16388334333896637
constant,7,unet,4,0.18399439752101898,0.12023982405662537
constant,7,unet,5,0.14018577337265015,0.06007074564695358
constant,7,unet,6,0.07297678291797638,0.15582364797592163
constant,7,unet,7,0.11223024874925613,0.14651456475257874
constant,7,unet,8,0.10806907713413239,0.06715017557144165
constant,7,unet,9,0.059078775346279144,0.05259663984179497
constant,7,unet,10,0.06036589294672012,0.06072622910141945
constant,7,unet,11,0.0723567083477974,0.0637354701757431
constant,7,unet,12,0.07590046525001526,0.06024106591939926
constant,7,unet,13,0.0716070756316185,0.05301385372877121
constant,7,unet,14,0.06224009394645691,0.0476878359913826
constant,7,unet,15,0.05254708230495453,0.053656481206417084
constant,7,unet,16,0.05104377865791321,0.06879879534244537
constant,7,unet,17,0.05887891724705696,0.06562895327806473
constant,7,unet,18,0.05626438558101654,0.04894755780696869
constant,7,unet,19,0.04601001366972923,0.03992295265197754
constant,7,unet,20,0.042895734310150146,0.038954488933086395
constant,7,unet,21,0.045073866844177246,0.038425859063863754
constant,7,unet,22,0.04539205878973007,0.03471178933978081
constant,7,unet,23,0.04074995964765549,0.02992209978401661
constant,7,unet,24,0.03310801088809967,0.03122459352016449
constant,7,unet,25,0.029514849185943604,0.03750758245587349
constant,7,unet,26,0.03187410533428192,0.030278392136096954
constant,7,unet,27,0.026595722883939743,0.019177891314029694
constant,7,unet,28,0.019949335604906082,0.018771030008792877
constant,7,unet,29,0.021481234580278397,0.018970560282468796
constant,7,unet,30,0.021100463345646858,0.014647260308265686
constant,7,unet,31,0.015177084133028984,0.017672061920166016
constant,7,unet,32,0.016285862773656845,0.019335051998496056
constant,7,unet,33,0.01766214892268181,0.015307029709219933
constant,7,unet,34,0.01368600595742464,0.020096637308597565
constant,7,unet,35,0.01745326817035675,0.01817915216088295
constant,7,unet,36,0.015833202749490738,0.015685012564063072
constant,7,unet,37,0.013928627595305443,0.01805495284497738
constant,7,unet,38,0.016231490299105644,0.014770017936825752
constant,7,unet,39,0.013344046659767628,0.014235498383641243
constant,7,unet,40,0.013556431978940964,0.01462835818529129
constant,7,unet,41,0.014448539353907108,0.013094896450638771
constant,7,unet,42,0.012736886739730835,0.013740533031523228
constant,7,unet,43,0.012481892481446266,0.015306694433093071
constant,7,unet,44,0.013422226533293724,0.013524250127375126
constant,7,unet,45,0.012267939746379852,0.012397842481732368
constant,7,unet,46,0.012200958095490932,0.012548975646495819
constant,7,unet,47,0.012864038348197937,0.01228049024939537
constant,7,unet,48,0.012303122319281101,0.012660866603255272
constant,7,unet,49,0.011808309704065323,0.013893939554691315
constant,7,unet,50,0.012318363413214684,0.013410274870693684
constant,7,unet,51,0.012029550038278103,0.01209709420800209
constant,7,unet,52,0.011507201008498669,0.011792601086199284
constant,7,unet,53,0.01176510564982891,0.011686332523822784
constant,7,unet,54,0.011651378124952316,0.011627116240561008
constant,7,unet,55,0.011132958345115185,0.01218620128929615
constant,7,unet,56,0.011198795400559902,0.012223687022924423
constant,7,unet,57,0.011181719601154327,0.011438330635428429
constant,7,unet,58,0.010742665268480778,0.01117913518100977
constant,7,unet,59,0.010778974741697311,0.011164827272295952
constant,7,unet,60,0.010761383920907974,0.011075178161263466
constant,7,unet,61,0.01043020375072956,0.011350697837769985
constant,7,unet,62,0.010459796525537968,0.0113507229834795
constant,7,unet,63,0.01042083464562893,0.010966576635837555
constant,7,unet,64,0.01016022264957428,0.010928450152277946
constant,7,unet,65,0.010212980210781097,0.010847507044672966
constant,7,unet,66,0.010091092437505722,0.010780681855976582
constant,7,unet,67,0.00989631935954094,0.010885249823331833
constant,7,unet,68,0.009918266907334328,0.010626948438584805
constant,7,unet,69,0.009713202714920044,0.010403928346931934
constant,7,unet,70,0.009614689275622368,0.010295604355633259
constant,7,unet,71,0.00955958291888237,0.010166870430111885
constant,7,unet,72,0.009357243776321411,0.01022573933005333
constant,7,unet,73,0.009320879355072975,0.010053283534944057
constant,7,unet,74,0.009188145399093628,0.009800093248486519
constant,7,unet,75,0.009082773700356483,0.009693928994238377
constant,7,unet,76,0.009041143581271172,0.009652109816670418
constant,7,unet,77,0.00889696553349495,0.009740514680743217
constant,7,unet,78,0.00886770524084568,0.009569769725203514
constant,7,unet,79,0.008751134388148785,0.009372642263770103
constant,7,unet,80,0.008688214235007763,0.00929997954517603
constant,7,unet,81,0.008605974726378918,0.009343564510345459
constant,7,unet,82,0.008505919016897678,0.009322800673544407
constant,7,unet,83,0.008440431207418442,0.009097686037421227
constant,7,unet,84,0.008324794471263885,0.008989783935248852
constant,7,unet,85,0.008257468231022358,0.008970050141215324
constant,7,unet,86,0.008133863098919392,0.008939688093960285
constant,7,unet,87,0.008055761456489563,0.008713130839169025
constant,7,unet,88,0.00792436208575964,0.008569160476326942
constant,7,unet,89,0.007825924083590508,0.008497664704918861
constant,7,unet,90,0.007686210330575705,0.008380481041967869
constant,7,unet,91,0.007566507905721664,0.008139667101204395
constant,7,unet,92,0.007424164563417435,0.007976748049259186
constant,7,unet,93,0.007284046150743961,0.007880227640271187
constant,7,unet,94,0.007138857617974281,0.007676658220589161
constant,7,unet,95,0.006975199095904827,0.007444177754223347
constant,7,unet,96,0.006818365305662155,0.007270643021911383
constant,7,unet,97,0.006625167094171047,0.007101145572960377
constant,7,unet,98,0.006439355667680502,0.006810590624809265
constant,7,unet,99,0.006220242939889431,0.006559079512953758
constant,7,unet,100,0.005995273124426603,0.006342683918774128
constant,7,unet,101,0.005758862476795912,0.0060202982276678085
constant,7,unet,102,0.005497444421052933,0.0057139527052640915
constant,7,unet,103,0.005236960481852293,0.005458800122141838
constant,7,unet,104,0.004959982819855213,0.0051436894573271275
constant,7,unet,105,0.004670839756727219,0.00488440552726388
constant,7,unet,106,0.0043955915607512,0.004702407866716385
constant,7,unet,107,0.004136689007282257,0.004505909513682127
constant,7,unet,108,0.0039008366875350475,0.0043671815656125546
constant,7,unet,109,0.003700664732605219,0.004257291555404663
constant,7,unet,110,0.0035558962263166904,0.004186689853668213
constant,7,unet,111,0.0034677130170166492,0.004271330777555704
constant,7,unet,112,0.0034101256169378757,0.004333501681685448
constant,7,unet,113,0.0033669588156044483,0.004443813115358353
constant,7,unet,114,0.0033132173120975494,0.004255695268511772
constant,7,unet,115,0.0032271812669932842,0.004149944055825472
constant,7,unet,116,0.0031121145002543926,0.0038636340759694576
constant,7,unet,117,0.002976679941639304,0.003819764358922839
constant,7,unet,118,0.0028240326792001724,0.0036059787962585688
constant,7,unet,119,0.0026765645015984774,0.003473796183243394
constant,7,unet,120,0.002541491063311696,0.003302291501313448
constant,7,fno,1,0.14851030707359314,0.12805253267288208
constant,7,fno,2,0.14392206072807312,0.12397608160972595
constant,7,fno,3,0.13955804705619812,0.120086669921875
constant,7,fno,4,0.1353832185268402,0.11635346710681915
constant,7,fno,5,0.13136544823646545,0.11275072395801544
constant,7,fno,6,0.127477765083313,0.10925590991973877
constant,7,fno,7,0.12369626760482788,0.1058499664068222
constant,7,fno,8,0.12000051140785217,0.10251705348491669
constant,7,fno,9,0.11637327075004578,0.09924427419900894
constant,7,fno,10,0.1128002256155014,0.09602109342813492
constant,7,fno,11,0.10926929116249084,0.09283871203660965
constant,7,fno,12,0.10577009618282318,0.0896896943449974
constant,7,fno,13,0.10229331254959106,0.08656755834817886
constant,7,fno,14,0.09883040189743042,0.08346694707870483
constant,7,fno,15,0.09537342190742493,0.08038391172885895
constant,7,fno,16,0.09191548824310303,0.07731680572032928
constant,7,fno,17,0.08845147490501404,0.07426777482032776
constant,7,fno,18,0.08497955650091171,0.07124506682157516
constant,7,fno,19,0.08150330930948257,0.06826596707105637
constant,7,fno,20,0.07803472876548767,0.0653611421585083
constant,7,fno,21,0.0745985209941864,0.06258046627044678
constant,7,fno,22,0.07123808562755585,0.06000091880559921
constant,7,fno,23,0.06802365928888321,0.05773540586233139
constant,7,fno,24,0.06506137549877167,0.055939219892024994
constant,7,fno,25,0.06250084936618805,0.05480310320854187
constant,7,fno,26,0.06053156405687332,0.05450703948736191
constant,7,fno,27,0.0593448206782341,0.05508884787559509
constant,7,fno,28,0.05901891738176346,0.056224700063467026
constant,7,fno,29,0.05931670963764191,0.05719628930091858
constant,7,fno,30,0.059629280120134354,0.05732359737157822
constant,7,fno,31,0.059342335909605026,0.0563603900372982
constant,7,fno,32,0.058208104223012924,0.05446702614426613
constant,7,fno,33,0.05634353309869766,0.05199284479022026
constant,7,fno,34,0.05404018983244896,0.04929060488939285
constant,7,fno,35,0.05159363895654678,0.046616263687610626
constant,7,fno,36,0.049209676682949066,0.04409993439912796
constant,7,fno,37,0.04697766900062561,0.04176205396652222
constant,7,fno,38,0.044887054711580276,0.03955070674419403
constant,7,fno,39,0.042863745242357254,0.03738110885024071
constant,7,fno,40,0.04080788046121597,0.03516718000173569
constant,7,fno,41,0.03862321376800537,0.03284361958503723
constant,7,fno,42,0.03623732179403305,0.03038199245929718
constant,7,fno,43,0.03361642733216286,0.02780466340482235
constant,7,fno,44,0.030778761953115463,0.025198526680469513
constant,7,fno,45,0.027808787301182747,0.022726114839315414
constant,7,fno,46,0.02486998215317726,0.0206216461956501
constant,7,fno,47,0.022204261273145676,0.01914842240512371
constant,7,fno,48,0.020095257088541985,0.018490072339773178
constant,7,fno,49,0.018767837435007095,0.0185842402279377
constant,7,fno,50,0.018227756023406982,0.01901526004076004
constant,7,fno,51,0.01814759522676468,0.019172392785549164
constant,7,fno,52,0.017995595932006836,0.018647802993655205
constant,7,fno,53,0.017395954579114914,0.01747366227209568
constant,7,fno,54,0.016353650018572807,0.015985917299985886
constant,7,fno,55,0.015136053785681725,0.014538845047354698
constant,7,fno,56,0.014013925567269325,0.013328352011740208
constant,7,fno,57,0.013106845319271088,0.01238243468105793
constant,7,fno,58,0.012387759983539581,0.011641766875982285
constant,7,fno,59,0.011767564341425896,0.011039132252335548
constant,7,fno,60,0.011170566082000732,0.010539049282670021
constant,7,fno,61,0.01056775450706482,0.010141646489501
constant,7,fno,62,0.009975805878639221,0.00986525323241949
constant,7,fno,63,0.009437045082449913,0.00971942488104105
constant,7,fno,64,0.00899110920727253,0.009679608978331089
constant,7,fno,65,0.008647946640849113,0.00967751070857048
constant,7,fno,66,0.00837479718029499,0.009618952870368958
constant,7,fno,67,0.008108522742986679,0.009424207732081413
constant,7,fno,68,0.007789912633597851,0.00906544178724289
constant,7,fno,69,0.007397287525236607,0.008576160296797752
constant,7,fno,70,0.006955758202821016,0.008029531687498093
constant,7,fno,71,0.006518446374684572,0.007502823136746883
constant,7,fno,72,0.006135450676083565,0.0070488788187503815
constant,7,fno,73,0.005830205045640469,0.00668603228405118
constant,7,fno,74,0.005593853071331978,0.006405578926205635
constant,7,fno,75,0.005396401509642601,0.0061880359426140785
constant,7,fno,76,0.005205582827329636,0.006017686799168587
constant,7,fno,77,0.005002722609788179,0.005888387560844421
constant,7,fno,78,0.004788537509739399,0.005799512844532728
constant,7,fno,79,0.004577860236167908,0.005746276583522558
constant,7,fno,80,0.004387643188238144,0.0057116723619401455
constant,7,fno,81,0.004225436598062515,0.005666731856763363
constant,7,fno,82,0.004085189662873745,0.005580950528383255
constant,7,fno,83,0.00395291717723012,0.005437168758362532
constant,7,fno,84,0.003817825112491846,0.005240557715296745
constant,7,fno,85,0.0036799435038119555,0.005015223287045956
constant,7,fno,86,0.0035482391249388456,0.004791434854269028
constant,7,fno,87,0.0034316100645810366,0.004592834040522575
constant,7,fno,88,0.0033308647107332945,0.004431045614182949
constant,7,fno,89,0.0032379277981817722,0.004308344796299934
constant,7,fno,90,0.003142068162560463,0.004223452880978584
constant,7,fno,91,0.003037756774574518,0.004174753557890654
constant,7,fno,92,0.0029283114708960056,0.004158565774559975
constant,7,fno,93,0.002823017304763198,0.004164650104939938
constant,7,fno,94,0.002730071311816573,0.004174040164798498
constant,7,fno,95,0.0026506430003792048,0.004163323901593685
constant,7,fno,96,0.002578637795522809,0.004114384762942791
constant,7,fno,97,0.0025062542408704758,0.004023198038339615
constant,7,fno,98,0.002430283697322011,0.003901081159710884
constant,7,fno,99,0.002353527583181858,0.003767914604395628
constant,7,fno,100,0.002280757063999772,0.0036429311148822308
constant,7,fno,101,0.002213908825069666,0.00353909470140934
constant,7,fno,102,0.0021511889062821865,0.0034624356776475906
constant,7,fno,103,0.002090177033096552,0.003413391299545765
constant,7,fno,104,0.0020310101099312305,0.0033870048355311155
constant,7,fno,105,0.001976138213649392,0.003372307401150465
constant,7,fno,106,0.001927066477946937,0.0033541377633810043
constant,7,fno,107,0.0018819891847670078,0.0033192636910825968
constant,7,fno,108,0.0018373660277575254,0.0032634437084198
constant,7,fno,109,0.0017917277291417122,0.0031934313010424376
constant,7,fno,110,0.0017470370512455702,0.003122165333479643
constant,7,fno,111,0.001706020557321608,0.0030615737196058035
constant,7,fno,112,0.0016689409967511892,0.0030182921327650547
constant,7,fno,113,0.0016335928812623024,0.0029933671467006207
constant,7,fno,114,0.0015980766620486975,0.002983388490974903
constant,7,fno,115,0.0015628270339220762,0.0029810750856995583
constant,7,fno,116,0.0015297161880880594,0.0029761502519249916
constant,7,fno,117,0.001499641453847289,0.002958437893539667
constant,7,fno,118,0.0014715821016579866,0.0029226974584162235
constant,7,fno,119,0.0014440801460295916,0.0028717066161334515
constant,7,fno,120,0.0014169936766847968,0.0028147241100668907
constant,7,fno_physics,1,0.19580484926700592,0.12805351614952087
constant,7,fno_physics,2,0.19084841012954712,0.12397746741771698
constant,7,fno_physics,3,0.18612994253635406,0.12008814513683319
constant,7,fno_physics,4,0.18161284923553467,0.11635498702526093
constant,7,fno_physics,5,0.1772628128528595,0.11275220662355423
constant,7,fno_physics,6,0.1730509102344513,0.10925722122192383
constant,7,fno_physics,7,0.16895130276679993,0.105850949883461
constant,7,fno_physics,8,0.1649419069290161,0.10251758247613907
constant,7,fno_physics,9,0.16100400686264038,0.09924419969320297
constant,7,fno_physics,10,0.15712197124958038,0.09602019935846329
constant,7,fno_physics,11,0.15328240394592285,0.09283669292926788
constant,7,fno_physics,12,0.149473637342453,0.08968611061573029
constant,7,fno_physics,13,0.14568492770195007,0.08656183630228043
constant,7,fno_physics,14,0.14190611243247986,0.08345837146043777
constant,7,fno_physics,15,0.1381274312734604,0.08037151396274567
constant,7,fno_physics,16,0.13433989882469177,0.07729931175708771
constant,7,fno_physics,17,0.13053597509860992,0.07424353063106537
constant,7,fno_physics,18,0.12671102583408356,0.07121188193559647
constant,7,fno_physics,19,0.12286560982465744,0.06822127848863602
constant,7,fno_physics,20,0.11900851130485535,0.06530210375785828
constant,7,fno_physics,21,0.11516103148460388,0.06250394880771637
constant,7,fno_physics,22,0.11136312037706375,0.059903569519519806
constant,7,fno_physics,23,0.10768167674541473,0.05761464685201645
constant,7,fno_physics,24,0.10422132164239883,0.05579664558172226
constant,7,fno_physics,25,0.10113509744405746,0.05465281009674072
constant,7,fno_physics,26,0.09862668812274933,0.05439658463001251
constant,7,fno_physics,27,0.09692590683698654,0.05514153838157654
constant,7,fno_physics,28,0.09619660675525665,0.05666889250278473
constant,7,fno_physics,29,0.09632803499698639,0.05825772136449814
constant,7,fno_physics,30,0.09675094485282898,0.059031929820775986
constant,7,fno_physics,31,0.09669912606477737,0.05852486193180084
constant,7,fno_physics,32,0.09572239220142365,0.05679554492235184
constant,7,fno_physics,33,0.09383048862218857,0.05421142280101776
constant,7,fno_physics,34,0.09131500869989395,0.05120914429426193
constant,7,fno_physics,35,0.08853188157081604,0.048145219683647156
constant,7,fno_physics,36,0.08576114475727081,0.04523579776287079
constant,7,fno_physics,37,0.08315087109804153,0.04255888611078262
constant,7,fno_physics,38,0.08072167634963989,0.040090546011924744
constant,7,fno_physics,39,0.07840389013290405,0.03775110840797424
constant,7,fno_physics,40,0.07608245313167572,0.03544517606496811
constant,7,fno_physics,41,0.0736343115568161,0.03308993950486183
constant,7,fno_physics,42,0.07095333933830261,0.030633212998509407
constant,7,fno_physics,43,0.06796582788228989,0.028065118938684464
constant,7,fno_physics,44,0.06464126706123352,0.025427795946598053
constant,7,fno_physics,45,0.06100307032465935,0.02282560244202614
constant,7,fno_physics,46,0.0571417436003685,0.020432624965906143
constant,7,fno_physics,47,0.053226664662361145,0.018486252054572105
constant,7,fno_physics,48,0.04950707405805588,0.017246851697564125
constant,7,fno_physics,49,0.046283550560474396,0.01689290441572666
constant,7,fno_physics,50,0.04381842166185379,0.017351355403661728
constant,7,fno_physics,51,0.04217690974473953,0.018184028565883636
constant,7,fno_physics,52,0.04109925404191017,0.0187363401055336
constant,7,fno_physics,53,0.04009808972477913,0.018527358770370483
constant,7,fno_physics,54,0.038784176111221313,0.017514031380414963
constant,7,fno_physics,55,0.03710201382637024,0.01599680446088314
constant,7,fno_physics,56,0.03525666147470474,0.014343724586069584
constant,7,fno_physics,57,0.03347773104906082,0.01279722061008215
constant,7,fno_physics,58,0.031865596771240234,0.011449534446001053
constant,7,fno_physics,59,0.030396100133657455,0.010309971868991852
constant,7,fno_physics,60,0.029000652953982353,0.009372343309223652
constant,7,fno_physics,61,0.027633681893348694,0.008647007867693901
constant,7,fno_physics,62,0.026299096643924713,0.008158627897500992
constant,7,fno_physics,63,0.025041751563549042,0.007921084761619568
constant,7,fno_physics,64,0.023917073383927345,0.007904134690761566
constant,7,fno_physics,65,0.02295224368572235,0.008012820966541767
constant,7,fno_physics,66,0.02211790159344673,0.008103719912469387
constant,7,fno_physics,67,0.021333076059818268,0.008041850291192532
constant,7,fno_physics,68,0.020509306341409683,0.007764177396893501
constant,7,fno_physics,69,0.019605020061135292,0.0073039717972278595
constant,7,fno_physics,70,0.01864832639694214,0.006762244272977114
constant,7,fno_physics,71,0.017713788896799088,0.00625081080943346
constant,7,fno_physics,72,0.01687440648674965,0.005843255203217268
constant,7,fno_physics,73,0.016162090003490448,0.005556464195251465
constant,7,fno_physics,74,0.015557612292468548,0.005363769829273224
constant,7,fno_physics,75,0.015010087750852108,0.00522451801225543
constant,7,fno_physics,76,0.014469722285866737,0.005109576508402824
constant,7,fno_physics,77,0.013912979513406754,0.005009258631616831
constant,7,fno_physics,78,0.013347321189939976,0.004923297092318535
constant,7,fno_physics,79,0.012796813622117043,0.004843780770897865
constant,7,fno_physics,80,0.01228063553571701,0.00474648317322135
constant,7,fno_physics,81,0.01180005632340908,0.00460074283182621
constant,7,fno_physics,82,0.011343474499881268,0.0043919868767261505
constant,7,fno_physics,83,0.010903803631663322,0.004136602394282818
constant,7,fno_physics,84,0.01048927940428257,0.0038745910860598087
constant,7,fno_physics,85,0.010115256533026695,0.003647362347692251
constant,7,fno_physics,86,0.009786075912415981,0.0034800227731466293
constant,7,fno_physics,87,0.009486794471740723,0.003379121655598283
constant,7,fno_physics,88,0.00919326487928629,0.0033410154283046722
constant,7,fno_physics,89,0.008891007862985134,0.0033587119542062283
constant,7,fno_physics,90,0.008585997857153416,0.0034199971705675125
constant,7,fno_physics,91,0.008298661559820175,0.0035005146637558937
constant,7,fno_physics,92,0.008046251721680164,0.003563119564205408
constant,7,fno_physics,93,0.007828611880540848,0.0035712658427655697
constant,7,fno_physics,94,0.007630183361470699,0.003509311703965068
constant,7,fno_physics,95,0.007435522507876158,0.003391399048268795
constant,7,fno_physics,96,0.0072409650310873985,0.003250501351431012
constant,7,fno_physics,97,0.007050985936075449,0.0031194074545055628
constant,7,fno_physics,98,0.006867560558021069,0.003020146396011114
constant,7,fno_physics,99,0.006687523331493139,0.0029641855508089066
constant,7,fno_physics,100,0.006509488448500633,0.0029536159709095955
constant,7,fno_physics,101,0.006338736042380333,0.0029776026494801044
constant,7,fno_physics,102,0.00618232786655426,0.0030111181549727917
constant,7,fno_physics,103,0.006040828302502632,0.0030254279263317585
constant,7,fno_physics,104,0.005908176302909851,0.003005698323249817
constant,7,fno_physics,105,0.0057797967456281185,0.002958972007036209
constant,7,fno_physics,106,0.005657011643052101,0.002905484987422824
constant,7,fno_physics,107,0.00554207107052207,0.002864137291908264
constant,7,fno_physics,108,0.005432573147118092,0.0028450419194996357
constant,7,fno_physics,109,0.005323927383869886,0.002849480602890253
constant,7,fno_physics,110,0.005215650424361229,0.0028698607347905636
constant,7,fno_physics,111,0.005111533682793379,0.0028890809044241905
constant,7,fno_physics,112,0.005013138987123966,0.0028872250113636255
constant,7,fno_physics,113,0.004916801583021879,0.002856388920918107
constant,7,fno_physics,114,0.004819265566766262,0.002808874472975731
constant,7,fno_physics,115,0.004722469486296177,0.0027683349326252937
constant,7,fno_physics,116,0.004629641305655241,0.0027538517024368048
constant,7,fno_physics,117,0.004540321882814169,0.0027710353024303913
constant,7,fno_physics,118,0.00445257592946291,0.0028111960273236036
constant,7,fno_physics,119,0.0043669408187270164,0.002854220336303115
constant,7,fno_physics,120,0.0042846715077757835,0.0028769606724381447
diverse,7,coordinate_mlp,1,0.1884240061044693,0.11038576066493988
diverse,7,coordinate_mlp,2,0.13146303594112396,0.07088729739189148
diverse,7,coordinate_mlp,3,0.08908341079950333,0.04713062569499016
diverse,7,coordinate_mlp,4,0.06116782873868942,0.03903792053461075
diverse,7,coordinate_mlp,5,0.047775205224752426,0.044577375054359436
diverse,7,coordinate_mlp,6,0.04742896184325218,0.057584382593631744
diverse,7,coordinate_mlp,7,0.05512247979640961,0.06916916370391846
diverse,7,coordinate_mlp,8,0.06316113471984863,0.07375045120716095
diverse,7,coordinate_mlp,9,0.06635390967130661,0.0709863007068634
diverse,7,coordinate_mlp,10,0.06403999030590057,0.06335955113172531
diverse,7,coordinate_mlp,11,0.05812757834792137,0.053874626755714417
diverse,7,coordinate_mlp,12,0.05105911195278168,0.044920243322849274
diverse,7,coordinate_mlp,13,0.044770680367946625,0.03790469095110893
diverse,7,coordinate_mlp,14,0.0403466522693634,0.03329676389694214
diverse,7,coordinate_mlp,15,0.03804958611726761,0.030865998938679695
diverse,7,coordinate_mlp,16,0.03753741458058357,0.02998984232544899
diverse,7,coordinate_mlp,17,0.038144517689943314,0.02993432618677616
diverse,7,coordinate_mlp,18,0.03913811221718788,0.030054990202188492
diverse,7,coordinate_mlp,19,0.039899278432130814,0.02990635111927986
diverse,7,coordinate_mlp,20,0.04001826047897339,0.02927587553858757
diverse,7,coordinate_mlp,21,0.03931991010904312,0.02816649340093136
diverse,7,coordinate_mlp,22,0.03784243389964104,0.026748865842819214
diverse,7,coordinate_mlp,23,0.03578970581293106,0.025297129526734352
diverse,7,coordinate_mlp,24,0.03347001597285271,0.024115074425935745
diverse,7,coordinate_mlp,25,0.03122745454311371,0.02345675602555275
diverse,7,coordinate_mlp,26,0.029368998482823372,0.02344876155257225
diverse,7,coordinate_mlp,27,0.028092827647924423,0.024030514061450958
diverse,7,coordinate_mlp,28,0.02743135765194893,0.024939917027950287
diverse,7,coordinate_mlp,29,0.027232058346271515,0.025771524757146835
diverse,7,coordinate_mlp,30,0.027200091630220413,0.026106927543878555
diverse,7,coordinate_mlp,31,0.027004610747098923,0.025667859241366386
diverse,7,coordinate_mlp,32,0.026408866047859192,0.02441628836095333
diverse,7,coordinate_mlp,33,0.025359012186527252,0.022554781287908554
diverse,7,coordinate_mlp,34,0.023989098146557808,0.02043749764561653
diverse,7,coordinate_mlp,35,0.022548697888851166,0.01843995600938797
diverse,7,coordinate_mlp,36,0.02129419520497322,0.016840191558003426
diverse,7,coordinate_mlp,37,0.020390309393405914,0.015748582780361176
diverse,7,coordinate_mlp,38,0.019855640828609467,0.015103560872375965
diverse,7,coordinate_mlp,39,0.019567962735891342,0.014730352908372879
diverse,7,coordinate_mlp,40,0.019325952976942062,0.014438414014875889
diverse,7,coordinate_mlp,41,0.01894308067858219,0.014114156365394592
diverse,7,coordinate_mlp,42,0.018332067877054214,0.013765472918748856
diverse,7,coordinate_mlp,43,0.017540402710437775,0.013498570770025253
diverse,7,coordinate_mlp,44,0.016721215099096298,0.013440316542983055
diverse,7,coordinate_mlp,45,0.016053711995482445,0.01364465057849884
diverse,7,coordinate_mlp,46,0.015648890286684036,0.014035120606422424
diverse,7,coordinate_mlp,47,0.015487799420952797,0.01442854292690754
diverse,7,coordinate_mlp,48,0.015433963388204575,0.014640136621892452
diverse,7,coordinate_mlp,49,0.015323163941502571,0.014603002928197384
diverse,7,coordinate_mlp,50,0.015073494985699654,0.014411542564630508
diverse,7,coordinate_mlp,51,0.014734171330928802,0.0142554622143507
diverse,7,coordinate_mlp,52,0.014438951388001442,0.014293027110397816
diverse,7,coordinate_mlp,53,0.014302952215075493,0.014551477506756783
diverse,7,coordinate_mlp,54,0.014338688924908638,0.014922568574547768
diverse,7,coordinate_mlp,55,0.01445167325437069,0.015254536643624306
diverse,7,coordinate_mlp,56,0.014518007636070251,0.015466183423995972
diverse,7,coordinate_mlp,57,0.01447995938360691,0.015590997412800789
diverse,7,coordinate_mlp,58,0.014380260370671749,0.015723884105682373
diverse,7,coordinate_mlp,59,0.014312651008367538,0.015925003215670586
diverse,7,coordinate_mlp,60,0.014336671680212021,0.016164692118763924
diverse,7,coordinate_mlp,61,0.014429098926484585,0.01635357178747654
diverse,7,coordinate_mlp,62,0.014510806649923325,0.016424233093857765
diverse,7,coordinate_mlp,63,0.014520695433020592,0.01638452336192131
diverse,7,coordinate_mlp,64,0.014465320855379105,0.01629728265106678
diverse,7,coordinate_mlp,65,0.014401755295693874,0.016216132789850235
diverse,7,coordinate_mlp,66,0.014378899708390236,0.016142304986715317
diverse,7,coordinate_mlp,67,0.014395961537957191,0.016038447618484497
diverse,7,coordinate_mlp,68,0.01441231556236744,0.015877768397331238
diverse,7,coordinate_mlp,69,0.014391632750630379,0.01567687653005123
diverse,7,coordinate_mlp,70,0.014334533363580704,0.015483084134757519
diverse,7,coordinate_mlp,71,0.014272288419306278,0.015333453193306923
diverse,7,coordinate_mlp,72,0.014234352856874466,0.015226013958454132
diverse,7,coordinate_mlp,73,0.014223330654203892,0.015127000398933887
diverse,7,coordinate_mlp,74,0.014218324795365334,0.015002825297415257
diverse,7,coordinate_mlp,75,0.014198854565620422,0.014845696277916431
diverse,7,coordinate_mlp,76,0.014163840562105179,0.01467309519648552
diverse,7,coordinate_mlp,77,0.014129139482975006,0.014508234336972237
diverse,7,coordinate_mlp,78,0.014109963551163673,0.014362971298396587
diverse,7,coordinate_mlp,79,0.014107166789472103,0.01423678919672966
diverse,7,coordinate_mlp,80,0.014109065756201744,0.014127454720437527
diverse,7,coordinate_mlp,81,0.014104164205491543,0.014039264991879463
diverse,7,coordinate_mlp,82,0.01409122347831726,0.013980161398649216
diverse,7,coordinate_mlp,83,0.014078116044402122,0.01395176351070404
diverse,7,coordinate_mlp,84,0.014072597026824951,0.013943364843726158
diverse,7,coordinate_mlp,85,0.014074882492423058,0.013936499133706093
diverse,7,coordinate_mlp,86,0.0140784727409482,0.013916224241256714
diverse,7,coordinate_mlp,87,0.014077087864279747,0.013879422098398209
diverse,7,coordinate_mlp,88,0.01407025009393692,0.01383398286998272
diverse,7,coordinate_mlp,89,0.014062527567148209,0.013791246339678764
diverse,7,coordinate_mlp,90,0.014058224856853485,0.013759016990661621
diverse,7,coordinate_mlp,91,0.014057276770472527,0.013740025460720062
diverse,7,coordinate_mlp,92,0.014056025072932243,0.013734688051044941
diverse,7,coordinate_mlp,93,0.014051327481865883,0.01374351792037487
diverse,7,coordinate_mlp,94,0.01404350996017456,0.01376635767519474
diverse,7,coordinate_mlp,95,0.014035549014806747,0.01379982940852642
diverse,7,coordinate_mlp,96,0.01402981486171484,0.013836679980158806
diverse,7,coordinate_mlp,97,0.014025909826159477,0.013868696056306362
diverse,7,coordinate_mlp,98,0.014021601527929306,0.013891080394387245
diverse,7,coordinate_mlp,99,0.014015400782227516,0.013904638588428497
diverse,7,coordinate_mlp,100,0.014008034020662308,0.013914092443883419
diverse,7,coordinate_mlp,101,0.014001419767737389,0.01392446644604206
diverse,7,coordinate_mlp,102,0.013996569439768791,0.01393863558769226
diverse,7,coordinate_mlp,103,0.013992736116051674,0.013957321643829346
diverse,7,coordinate_mlp,104,0.013988468796014786,0.013980282470583916
diverse,7,coordinate_mlp,105,0.01398323755711317,0.014006792567670345
diverse,7,coordinate_mlp,106,0.013977821916341782,0.01403505727648735
diverse,7,coordinate_mlp,107,0.013973278924822807,0.014061817899346352
diverse,7,coordinate_mlp,108,0.013969737105071545,0.014083314687013626
diverse,7,coordinate_mlp,109,0.013966383412480354,0.014097150415182114
diverse,7,coordinate_mlp,110,0.013962441124022007,0.014103516936302185
diverse,7,coordinate_mlp,111,0.013957968913018703,0.014104708097875118
diverse,7,coordinate_mlp,112,0.013953618705272675,0.014103544875979424
diverse,7,coordinate_mlp,113,0.013949811458587646,0.014102034270763397
diverse,7,coordinate_mlp,114,0.01394626870751381,0.014101104810833931
diverse,7,coordinate_mlp,115,0.013942437246441841,0.014100909233093262
diverse,7,coordinate_mlp,116,0.0139381168410182,0.014101013541221619
diverse,7,coordinate_mlp,117,0.013933626003563404,0.014100303873419762
diverse,7,coordinate_mlp,118,0.013929354026913643,0.0140971215441823
diverse,7,coordinate_mlp,119,0.013925310224294662,0.014089984819293022
diverse,7,coordinate_mlp,120,0.013921194709837437,0.014078512787818909
diverse,7,pod_deeponet,1,0.0024276950862258673,0.0045846207067370415
diverse,7,pod_deeponet,2,0.001965627772733569,0.004548916593194008
diverse,7,pod_deeponet,3,0.0018257962074130774,0.004562673158943653
diverse,7,pod_deeponet,4,0.001827845349907875,0.004491237923502922
diverse,7,pod_deeponet,5,0.001816965639591217,0.004325976129621267
diverse,7,pod_deeponet,6,0.0017590809147804976,0.0041188341565430164
diverse,7,pod_deeponet,7,0.0016806633211672306,0.003911690320819616
diverse,7,pod_deeponet,8,0.0016026459634304047,0.003731147851794958
diverse,7,pod_deeponet,9,0.0015327611472457647,0.0035921798553317785
diverse,7,pod_deeponet,10,0.0014716323930770159,0.0034989332780241966
diverse,7,pod_deeponet,11,0.0014165460597723722,0.003447664435952902
diverse,7,pod_deeponet,12,0.0013640847755596042,0.0034303602296859026
diverse,7,pod_deeponet,13,0.0013120858930051327,0.0034368454944342375
diverse,7,pod_deeponet,14,0.001259800512343645,0.003455533878877759
diverse,7,pod_deeponet,15,0.0012068154755979776,0.003474426455795765
diverse,7,pod_deeponet,16,0.001152373617514968,0.0034829149954020977
diverse,7,pod_deeponet,17,0.001095668412744999,0.003473697230219841
diverse,7,pod_deeponet,18,0.0010366406058892608,0.003444104455411434
diverse,7,pod_deeponet,19,0.0009765109280124307,0.0033962056040763855
diverse,7,pod_deeponet,20,0.000917555415071547,0.003335552290081978
diverse,7,pod_deeponet,21,0.0008621258893981576,0.0032693357206881046
diverse,7,pod_deeponet,22,0.0008115199161693454,0.0032049298752099276
diverse,7,pod_deeponet,23,0.0007655494846403599,0.0031491003464907408
diverse,7,pod_deeponet,24,0.0007230885094031692,0.0031074141152203083
diverse,7,pod_deeponet,25,0.0006829923950135708,0.0030835242941975594
diverse,7,pod_deeponet,26,0.0006446700426749885,0.0030786199495196342
diverse,7,pod_deeponet,27,0.0006082134204916656,0.0030914833769202232
diverse,7,pod_deeponet,28,0.0005743158399127424,0.003119091037660837
diverse,7,pod_deeponet,29,0.0005440109525807202,0.003157400991767645
diverse,7,pod_deeponet,30,0.0005181958549655974,0.0032022506929934025
diverse,7,pod_deeponet,31,0.0004971341113559902,0.0032504680566489697
diverse,7,pod_deeponet,32,0.00048029975732788444,0.0033009545877575874
diverse,7,pod_deeponet,33,0.00046668489812873304,0.003355131484568119
diverse,7,pod_deeponet,34,0.0004553463077172637,0.003416285617277026
diverse,7,pod_deeponet,35,0.00044580097892321646,0.0034878836013376713
diverse,7,pod_deeponet,36,0.00043796049430966377,0.0035715834237635136
diverse,7,pod_deeponet,37,0.0004316376871429384,0.0036660805344581604
diverse,7,pod_deeponet,38,0.00042616119026206434,0.0037675683852285147
diverse,7,pod_deeponet,39,0.00042060244595631957,0.0038713314570486546
diverse,7,pod_deeponet,40,0.00041441310895606875,0.003973142709583044
diverse,7,pod_deeponet,41,0.00040773957152850926,0.0040696850046515465
diverse,7,pod_deeponet,42,0.0004011070996057242,0.004158379510045052
diverse,7,pod_deeponet,43,0.0003949022211600095,0.0042372774332761765
diverse,7,pod_deeponet,44,0.00038918369682505727,0.004305106122046709
diverse,7,pod_deeponet,45,0.00038387812674045563,0.004361183848232031
diverse,7,pod_deeponet,46,0.0003790243063122034,0.00440507847815752
diverse,7,pod_deeponet,47,0.00037478399462997913,0.00443638488650322
diverse,7,pod_deeponet,48,0.00037125410744920373,0.004454934038221836
diverse,7,pod_deeponet,49,0.00036832032492384315,0.004461356904357672
diverse,7,pod_deeponet,50,0.0003657492925412953,0.004457419738173485
diverse,7,pod_deeponet,51,0.0003633956948760897,0.004445659928023815
diverse,7,pod_deeponet,52,0.0003612484142649919,0.004428514279425144
diverse,7,pod_deeponet,53,0.00035930966259911656,0.004407511092722416
diverse,7,pod_deeponet,54,0.0003575349401216954,0.00438301544636488
diverse,7,pod_deeponet,55,0.0003558856842573732,0.004354551434516907
diverse,7,pod_deeponet,56,0.00035434344317764044,0.004321511369198561
diverse,7,pod_deeponet,57,0.00035286330967210233,0.004283996298909187
diverse,7,pod_deeponet,58,0.00035138626117259264,0.004243328236043453
diverse,7,pod_deeponet,59,0.0003499070298857987,0.004201927222311497
diverse,7,pod_deeponet,60,0.0003484858898445964,0.004162585362792015
diverse,7,pod_deeponet,61,0.00034718800452537835,0.004127549938857555
diverse,7,pod_deeponet,62,0.0003460361622273922,0.004097831901162863
diverse,7,pod_deeponet,63,0.0003450278891250491,0.004073008429259062
diverse,7,pod_deeponet,64,0.0003441637963987887,0.004051606636494398
diverse,7,pod_deeponet,65,0.00034343040897510946,0.00403190590441227
diverse,7,pod_deeponet,66,0.0003427657065913081,0.004012871999293566
diverse,7,pod_deeponet,67,0.00034208246506750584,0.003994709812104702
diverse,7,pod_deeponet,68,0.0003413337981328368,0.003978706430643797
diverse,7,pod_deeponet,69,0.00034053210401907563,0.00396647397428751
diverse,7,pod_deeponet,70,0.00033970706863328815,0.003959039691835642
diverse,7,pod_deeponet,71,0.0003388787736184895,0.0039563365280628204
diverse,7,pod_deeponet,72,0.00033806750434450805,0.003957245498895645
diverse,7,pod_deeponet,73,0.0003372940991539508,0.003960086964070797
diverse,7,pod_deeponet,74,0.0003365716547705233,0.003963303752243519
diverse,7,pod_deeponet,75,0.0003359068068675697,0.0039659528993070126
diverse,7,pod_deeponet,76,0.00033530089422129095,0.003967766184359789
diverse,7,pod_deeponet,77,0.00033473846269771457,0.003968920558691025
diverse,7,pod_deeponet,78,0.00033418909879401326,0.003969661891460419
diverse,7,pod_deeponet,79,0.0003336328954901546,0.003970090299844742
diverse,7,pod_deeponet,80,0.0003330784966237843,0.003970158286392689
diverse,7,pod_deeponet,81,0.00033254659501835704,0.003969872370362282
diverse,7,pod_deeponet,82,0.0003320427786093205,0.003969501703977585
diverse,7,pod_deeponet,83,0.00033155654091387987,0.003969595767557621
diverse,7,pod_deeponet,84,0.0003310763568151742,0.00397072546184063
diverse,7,pod_deeponet,85,0.00033059375709854066,0.003973120823502541
diverse,7,pod_deeponet,86,0.0003300981770735234,0.003976449370384216
diverse,7,pod_deeponet,87,0.0003295793430879712,0.0039799390360713005
diverse,7,pod_deeponet,88,0.00032903137616813183,0.003982782829552889
diverse,7,pod_deeponet,89,0.0003284518315922469,0.0039845965802669525
diverse,7,pod_deeponet,90,0.00032784382347017527,0.003985615447163582
diverse,7,pod_deeponet,91,0.0003272155299782753,0.003986510448157787
diverse,7,pod_deeponet,92,0.0003265760897193104,0.0039879390969872475
diverse,7,pod_deeponet,93,0.00032592876232229173,0.003990140277892351
diverse,7,pod_deeponet,94,0.0003252739552408457,0.003992806188762188
diverse,7,pod_deeponet,95,0.00032461201772093773,0.003995317965745926
diverse,7,pod_deeponet,96,0.0003239439975004643,0.00399711262434721
diverse,7,pod_deeponet,97,0.0003232690505683422,0.003998002968728542
diverse,7,pod_deeponet,98,0.00032258540159091353,0.003998213913291693
diverse,7,pod_deeponet,99,0.0003218920901417732,0.00399817107245326
diverse,7,pod_deeponet,100,0.0003211870789527893,0.003998221829533577
diverse,7,pod_deeponet,101,0.00032046655542217195,0.0039984616450965405
diverse,7,pod_deeponet,102,0.00031972627039067447,0.003998777363449335
diverse,7,pod_deeponet,103,0.0003189632552675903,0.003999026492238045
diverse,7,pod_deeponet,104,0.0003181764332111925,0.0039992076344788074
diverse,7,pod_deeponet,105,0.0003173672594130039,0.0039994739927351475
diverse,7,pod_deeponet,106,0.0003165366651955992,0.004000009503215551
diverse,7,pod_deeponet,107,0.0003156840684823692,0.004000858869403601
diverse,7,pod_deeponet,108,0.0003148071118630469,0.004001881927251816
diverse,7,pod_deeponet,109,0.0003139051841571927,0.004002863075584173
diverse,7,pod_deeponet,110,0.00031297755776904523,0.004003692418336868
diverse,7,pod_deeponet,111,0.0003120224573649466,0.0040044598281383514
diverse,7,pod_deeponet,112,0.00031103886431083083,0.004005366005003452
diverse,7,pod_deeponet,113,0.0003100265166722238,0.004006532020866871
diverse,7,pod_deeponet,114,0.0003089852398261428,0.004007874988019466
diverse,7,pod_deeponet,115,0.0003079144225921482,0.004009173717349768
diverse,7,pod_deeponet,116,0.00030681269709020853,0.004010274540632963
diverse,7,pod_deeponet,117,0.0003056790737900883,0.004011225420981646
diverse,7,pod_deeponet,118,0.00030451241764239967,0.004012236371636391
diverse,7,pod_deeponet,119,0.0003033126122318208,0.0040134647861123085
diverse,7,pod_deeponet,120,0.00030207843519747257,0.004014874808490276
diverse,7,unet,1,0.1738521158695221,0.13911548256874084
diverse,7,unet,2,0.16741633415222168,0.130089670419693
diverse,7,unet,3,0.15784966945648193,0.1128375381231308
diverse,7,unet,4,0.13961073756217957,0.07979169487953186
diverse,7,unet,5,0.10402026027441025,0.03837640583515167
diverse,7,unet,6,0.0520876944065094,0.14540943503379822
diverse,7,unet,7,0.10526007413864136,0.10242626816034317
diverse,7,unet,8,0.07682310044765472,0.04102353751659393
diverse,7,unet,9,0.042521215975284576,0.03763962537050247
diverse,7,unet,10,0.05006062239408493,0.043615009635686874
diverse,7,unet,11,0.059258200228214264,0.0460338331758976
diverse,7,unet,12,0.06235646456480026,0.044660784304142
diverse,7,unet,13,0.06045249104499817,0.04075527936220169
diverse,7,unet,14,0.05504060909152031,0.03612646460533142
diverse,7,unet,15,0.04771566018462181,0.03414739668369293
diverse,7,unet,16,0.04133867099881172,0.03989521041512489
diverse,7,unet,17,0.04073549062013626,0.05180129408836365
diverse,7,unet,18,0.04653328284621239,0.053178541362285614
diverse,7,unet,19,0.04686859995126724,0.042141079902648926
diverse,7,unet,20,0.039827533066272736,0.032302506268024445
diverse,7,unet,21,0.03514401242136955,0.02846783958375454
diverse,7,unet,22,0.035162001848220825,0.027694281190633774
diverse,7,unet,23,0.03648781403899193,0.02685401774942875
diverse,7,unet,24,0.03619175776839256,0.02476518228650093
diverse,7,unet,25,0.033204253762960434,0.02229020744562149
diverse,7,unet,26,0.028278622776269913,0.02232520654797554
diverse,7,unet,27,0.024258527904748917,0.026688918471336365
diverse,7,unet,28,0.024085115641355515,0.028156429529190063
diverse,7,unet,29,0.023831939324736595,0.020418953150510788
diverse,7,unet,30,0.018772687762975693,0.012993629090487957
diverse,7,unet,31,0.015465307980775833,0.012019602581858635
diverse,7,unet,32,0.016796201467514038,0.011732527986168861
diverse,7,unet,33,0.016131481155753136,0.010335907340049744
diverse,7,unet,34,0.012240918353199959,0.0145898861810565
diverse,7,unet,35,0.013100426644086838,0.017082011327147484
diverse,7,unet,36,0.014699205756187439,0.012113766744732857
diverse,7,unet,37,0.0117298923432827,0.01234380155801773
diverse,7,unet,38,0.013592146337032318,0.012560946866869926
diverse,7,unet,39,0.01391943171620369,0.011596417054533958
diverse,7,unet,40,0.011656982824206352,0.014324154704809189
diverse,7,unet,41,0.012626218609511852,0.014016266912221909
diverse,7,unet,42,0.012303169816732407,0.010664209723472595
diverse,7,unet,43,0.01071761455386877,0.009878870099782944
diverse,7,unet,44,0.011483905836939812,0.009617321193218231
diverse,7,unet,45,0.011418739333748817,0.009617275558412075
diverse,7,unet,46,0.010233845561742783,0.01149709615856409
diverse,7,unet,47,0.010412250645458698,0.012400414794683456
diverse,7,unet,48,0.010745286010205746,0.01045672595500946
diverse,7,unet,49,0.009921989403665066,0.009036216884851456
diverse,7,unet,50,0.009982435032725334,0.008783755823969841
diverse,7,unet,51,0.010326400399208069,0.008881093934178352
diverse,7,unet,52,0.009844710119068623,0.009872833266854286
diverse,7,unet,53,0.009565488435328007,0.011047333478927612
diverse,7,unet,54,0.009889688342809677,0.010318547487258911
diverse,7,unet,55,0.009573209099471569,0.00890958309173584
diverse,7,unet,56,0.009278738871216774,0.008393757045269012
diverse,7,unet,57,0.009478144347667694,0.008362596854567528
diverse,7,unet,58,0.009275857359170914,0.008852103725075722
diverse,7,unet,59,0.008960623294115067,0.009632973000407219
diverse,7,unet,60,0.009094854816794395,0.009259641170501709
diverse,7,unet,61,0.008908530697226524,0.008319063112139702
diverse,7,unet,62,0.008678475394845009,0.007988287135958672
diverse,7,unet,63,0.008774252608418465,0.008009005337953568
diverse,7,unet,64,0.008573456667363644,0.008449322544038296
diverse,7,unet,65,0.008427620865404606,0.008790362626314163
diverse,7,unet,66,0.008482445031404495,0.008235879242420197
diverse,7,unet,67,0.008244975470006466,0.007773125544190407
diverse,7,unet,68,0.008223152719438076,0.007687780074775219
diverse,7,unet,69,0.008153841830790043,0.007902190089225769
diverse,7,unet,70,0.0079603660851717,0.008218941278755665
diverse,7,unet,71,0.007967004552483559,0.007824238389730453
diverse,7,unet,72,0.0077728405594825745,0.007380416616797447
diverse,7,unet,73,0.0077063534408807755,0.007275184616446495
diverse,7,unet,74,0.007601448334753513,0.00749845989048481
diverse,7,unet,75,0.007442128844559193,0.007652518339455128
diverse,7,unet,76,0.0073925224132835865,0.0071896519511938095
diverse,7,unet,77,0.0072162337601184845,0.006875727325677872
diverse,7,unet,78,0.007172762416303158,0.006933338008821011
diverse,7,unet,79,0.007018540985882282,0.007241933606564999
diverse,7,unet,80,0.006958558224141598,0.0070038288831710815
diverse,7,unet,81,0.006831686943769455,0.0066069671884179115
diverse,7,unet,82,0.006767249666154385,0.006624606437981129
diverse,7,unet,83,0.006650113966315985,0.006936090998351574
diverse,7,unet,84,0.006581052206456661,0.006675015203654766
diverse,7,unet,85,0.00645266892388463,0.0063369800336658955
diverse,7,unet,86,0.006383645348250866,0.006472707726061344
diverse,7,unet,87,0.0062417034059762955,0.0065987128764390945
diverse,7,unet,88,0.006161882542073727,0.006153220776468515
diverse,7,unet,89,0.006034746766090393,0.006119313649833202
diverse,7,unet,90,0.0059051550924777985,0.006312360055744648
diverse,7,unet,91,0.005810288712382317,0.005873064510524273
diverse,7,unet,92,0.005659543909132481,0.0058087874203920364
diverse,7,unet,93,0.005508570931851864,0.005918771494179964
diverse,7,unet,94,0.00538187101483345,0.005461152642965317
diverse,7,unet,95,0.005216469056904316,0.0054778060875833035
diverse,7,unet,96,0.005024696700274944,0.005412096157670021
diverse,7,unet,97,0.004856104496866465,0.005018861033022404
diverse,7,unet,98,0.004689772147685289,0.005179146304726601
diverse,7,unet,99,0.004495869390666485,0.004865421447902918
diverse,7,unet,100,0.004299256484955549,0.004776200745254755
diverse,7,unet,101,0.004125414881855249,0.004913704469799995
diverse,7,unet,102,0.00397616159170866,0.004634589422494173
diverse,7,unet,103,0.003852575784549117,0.005087945610284805
diverse,7,unet,104,0.003756479360163212,0.004828172270208597
diverse,7,unet,105,0.0037167402915656567,0.0055325934663414955
diverse,7,unet,106,0.0037175125908106565,0.005087628029286861
diverse,7,unet,107,0.003822966478765011,0.006522154901176691
diverse,7,unet,108,0.004096755757927895,0.005672676023095846
diverse,7,unet,109,0.005021207965910435,0.008061796426773071
diverse,7,unet,110,0.005144924856722355,0.005578136071562767
diverse,7,unet,111,0.004966700449585915,0.0050913672894239426
diverse,7,unet,112,0.003274294314906001,0.006917406804859638
diverse,7,unet,113,0.004398833028972149,0.004971331916749477
diverse,7,unet,114,0.00520014762878418,0.0043977708555758
diverse,7,unet,115,0.003141640918329358,0.007443729788064957
diverse,7,unet,116,0.00507067795842886,0.004948418587446213
diverse,7,unet,117,0.00489222863689065,0.004148037638515234
diverse,7,unet,118,0.0035216938704252243,0.00788285955786705
diverse,7,unet,119,0.0056894030421972275,0.003909682855010033
diverse,7,unet,120,0.0035621519200503826,0.004160115495324135
diverse,7,fno,1,0.10863376408815384,0.08303114026784897
diverse,7,fno,2,0.10485027730464935,0.07991687208414078
diverse,7,fno,3,0.10127570480108261,0.07697711884975433
diverse,7,fno,4,0.09788112342357635,0.07418665289878845
diverse,7,fno,5,0.09463884681463242,0.07152538746595383
diverse,7,fno,6,0.09152651578187943,0.06897681206464767
diverse,7,fno,7,0.08852535486221313,0.06652773171663284
diverse,7,fno,8,0.08561991155147552,0.06416787207126617
diverse,7,fno,9,0.08279777318239212,0.061889588832855225
diverse,7,fno,10,0.08004911988973618,0.059687450528144836
diverse,7,fno,11,0.07736621797084808,0.05755788832902908
diverse,7,fno,12,0.07474302500486374,0.05549890547990799
diverse,7,fno,13,0.07217475026845932,0.053510118275880814
diverse,7,fno,14,0.06965778768062592,0.0515928752720356
diverse,7,fno,15,0.06718991696834564,0.049750834703445435
diverse,7,fno,16,0.06477057933807373,0.04799079895019531
diverse,7,fno,17,0.06240184232592583,0.04632410407066345
diverse,7,fno,18,0.0600895881652832,0.044768400490283966
diverse,7,fno,19,0.05784536153078079,0.043350011110305786
diverse,7,fno,20,0.05568871647119522,0.042106661945581436
diverse,7,fno,21,0.053650159388780594,0.04109037667512894
diverse,7,fno,22,0.05177447944879532,0.0403696745634079
diverse,7,fno,23,0.05012398213148117,0.04002752900123596
diverse,7,fno,24,0.048779234290122986,0.040145229548215866
diverse,7,fno,25,0.047829050570726395,0.04075344279408455
diverse,7,fno,26,0.04733390733599663,0.041735969483852386
diverse,7,fno,27,0.04724675416946411,0.0427497923374176
diverse,7,fno,28,0.04733314737677574,0.04334135353565216
diverse,7,fno,29,0.04723939672112465,0.04321056976914406
diverse,7,fno,30,0.046705104410648346,0.0423244871199131
diverse,7,fno,31,0.04567777365446091,0.04084361344575882
diverse,7,fno,32,0.04426608607172966,0.03900076076388359
diverse,7,fno,33,0.042640309780836105,0.03701096773147583
diverse,7,fno,34,0.04095364362001419,0.035025253891944885
diverse,7,fno,35,0.039301544427871704,0.03311958536505699
diverse,7,fno,36,0.037713564932346344,0.03130698204040527
diverse,7,fno,37,0.036166466772556305,0.029559915885329247
diverse,7,fno,38,0.03460591658949852,0.027833234518766403
diverse,7,fno,39,0.03296751156449318,0.026082929223775864
diverse,7,fno,40,0.03119325265288353,0.024280495941638947
diverse,7,fno,41,0.02924395725131035,0.022424714639782906
diverse,7,fno,42,0.027109842747449875,0.020552635192871094
diverse,7,fno,43,0.024821506813168526,0.01875007152557373
diverse,7,fno,44,0.022461730986833572,0.01715743914246559
diverse,7,fno,45,0.0201747864484787,0.015957947820425034
diverse,7,fno,46,0.018161002546548843,0.015326695516705513
diverse,7,fno,47,0.016635634005069733,0.01532631553709507
diverse,7,fno,48,0.01573527231812477,0.015780912712216377
diverse,7,fno,49,0.015394249930977821,0.016251415014266968
diverse,7,fno,50,0.015298200771212578,0.01625315099954605
diverse,7,fno,51,0.015048693865537643,0.01557920128107071
diverse,7,fno,52,0.014441434293985367,0.014385970309376717
diverse,7,fno,53,0.013556791469454765,0.013004329986870289
diverse,7,fno,54,0.01260954700410366,0.011719465255737305
diverse,7,fno,55,0.011767701245844364,0.010675223544239998
diverse,7,fno,56,0.011083396151661873,0.009894908405840397
diverse,7,fno,57,0.010524440556764603,0.009344657883048058
diverse,7,fno,58,0.010034575127065182,0.008983735926449299
diverse,7,fno,59,0.009574886411428452,0.008785788901150227
diverse,7,fno,60,0.00913725420832634,0.008736472576856613
diverse,7,fno,61,0.008737623691558838,0.008817504160106182
diverse,7,fno,62,0.008398186415433884,0.00898769497871399
diverse,7,fno,63,0.008126731030642986,0.009173773229122162
diverse,7,fno,64,0.007903311401605606,0.009282881394028664
diverse,7,fno,65,0.007684600539505482,0.009235485456883907
diverse,7,fno,66,0.00742671824991703,0.008998952805995941
diverse,7,fno,67,0.007111249025911093,0.00859922543168068
diverse,7,fno,68,0.006755155511200428,0.008105151355266571
diverse,7,fno,69,0.006398795172572136,0.007597867399454117
diverse,7,fno,70,0.006082330830395222,0.007143033668398857
diverse,7,fno,71,0.0058260103687644005,0.006777268834412098
diverse,7,fno,72,0.005624299868941307,0.0065100789070129395
diverse,7,fno,73,0.005454252474009991,0.006334777921438217
diverse,7,fno,74,0.005291002802550793,0.006239369045943022
diverse,7,fno,75,0.0051207467913627625,0.0062110330909490585
diverse,7,fno,76,0.004944752436131239,0.006233480293303728
diverse,7,fno,77,0.0047740330919623375,0.006281723268330097
diverse,7,fno,78,0.0046194493770599365,0.006320912390947342
diverse,7,fno,79,0.00448398245498538,0.006313575431704521
diverse,7,fno,80,0.004362111911177635,0.006233127787709236
diverse,7,fno,81,0.004246004391461611,0.006075351499021053
diverse,7,fno,82,0.004132705740630627,0.005859734024852514
diverse,7,fno,83,0.0040259333327412605,0.005620051175355911
diverse,7,fno,84,0.003931418061256409,0.005391031503677368
diverse,7,fno,85,0.0038506384007632732,0.005198771134018898
diverse,7,fno,86,0.0037783910520374775,0.005057980306446552
diverse,7,fno,87,0.0037058345042169094,0.004974076524376869
diverse,7,fno,88,0.003626244142651558,0.004945924039930105
diverse,7,fno,89,0.00353921833448112,0.004966335836797953
diverse,7,fno,90,0.0034505599178373814,0.00502042006701231
diverse,7,fno,91,0.0033680996857583523,0.005084675271064043
diverse,7,fno,92,0.0032964199781417847,0.005130432546138763
diverse,7,fno,93,0.0032342243939638138,0.005132419988512993
diverse,7,fno,94,0.0031762737780809402,0.005078607704490423
diverse,7,fno,95,0.0031179769430309534,0.004974977113306522
diverse,7,fno,96,0.003058420727029443,0.004842092748731375
diverse,7,fno,97,0.0029994575306773186,0.004706164356321096
diverse,7,fno,98,0.0029425984248518944,0.004590236581861973
diverse,7,fno,99,0.0028873321134597063,0.004509123973548412
diverse,7,fno,100,0.00283234310336411,0.004467900842428207
diverse,7,fno,101,0.002777803223580122,0.004461849108338356
diverse,7,fno,102,0.0027259313501417637,0.004477021284401417
diverse,7,fno,103,0.0026790292467921972,0.004492852371186018
diverse,7,fno,104,0.0026370142586529255,0.0044884467497467995
diverse,7,fno,105,0.0025971897412091494,0.004451141692698002
diverse,7,fno,106,0.002556755207479,0.004382321611046791
diverse,7,fno,107,0.002515409141778946,0.004296290688216686
diverse,7,fno,108,0.0024752053432166576,0.004213138483464718
diverse,7,fno,109,0.002438077237457037,0.004150396678596735
diverse,7,fno,110,0.002403977094218135,0.004117613658308983
diverse,7,fno,111,0.002371472306549549,0.0041146413423120975
diverse,7,fno,112,0.002339637838304043,0.004132348112761974
diverse,7,fno,113,0.0023088627494871616,0.004155010916292667
diverse,7,fno,114,0.0022798613645136356,0.004164909943938255
diverse,7,fno,115,0.0022524376399815083,0.004148873034864664
diverse,7,fno,116,0.002225689124315977,0.004104011692106724
diverse,7,fno,117,0.0021992959082126617,0.004038910381495953
diverse,7,fno,118,0.002174018882215023,0.003969306126236916
diverse,7,fno,119,0.0021506943739950657,0.003911144100129604
diverse,7,fno,120,0.0021290984004735947,0.0038748716469854116
diverse,7,fno_physics,1,0.14373257756233215,0.08303161710500717
diverse,7,fno_physics,2,0.13964241743087769,0.07991734892129898
diverse,7,fno_physics,3,0.13577423989772797,0.07697725296020508
diverse,7,fno_physics,4,0.13209715485572815,0.07418626546859741
diverse,7,fno_physics,5,0.12858186662197113,0.07152445614337921
diverse,7,fno_physics,6,0.12520453333854675,0.0689752995967865
diverse,7,fno_physics,7,0.12194488942623138,0.06652554869651794
diverse,7,fno_physics,8,0.11878614872694016,0.06416495144367218
diverse,7,fno_physics,9,0.11571478098630905,0.06188578903675079
diverse,7,fno_physics,10,0.11271990090608597,0.059682562947273254
diverse,7,fno_physics,11,0.10979274660348892,0.05755151808261871
diverse,7,fno_physics,12,0.10692615807056427,0.05549043416976929
diverse,7,fno_physics,13,0.1041141226887703,0.05349858105182648
diverse,7,fno_physics,14,0.10135172307491302,0.05157705396413803
diverse,7,fno_physics,15,0.0986352488398552,0.049729228019714355
diverse,7,fno_physics,16,0.09596264362335205,0.047961749136447906
diverse,7,fno_physics,17,0.09333435446023941,0.04628591984510422
diverse,7,fno_physics,18,0.09075459837913513,0.04471948370337486
diverse,7,fno_physics,19,0.08823323994874954,0.04328896477818489
diverse,7,fno_physics,20,0.08578809350728989,0.042032551020383835
diverse,7,fno_physics,21,0.08344802260398865,0.041003577411174774
diverse,7,fno_physics,22,0.08125698566436768,0.04027385637164116
diverse,7,fno_physics,23,0.07927846163511276,0.03993389755487442
diverse,7,fno_physics,24,0.07759847491979599,0.040082626044750214
diverse,7,fno_physics,25,0.07632102072238922,0.040788643062114716
diverse,7,fno_physics,26,0.07554168999195099,0.04199646785855293
diverse,7,fno_physics,27,0.07527448236942291,0.043401144444942474
diverse,7,fno_physics,28,0.07533891499042511,0.0444810725748539
diverse,7,fno_physics,29,0.07535155117511749,0.044791676104068756
diverse,7,fno_physics,30,0.07494363933801651,0.04418812692165375
diverse,7,fno_physics,31,0.07396582514047623,0.0427970327436924
diverse,7,fno_physics,32,0.07248997688293457,0.04087834432721138
diverse,7,fno_physics,33,0.0707009881734848,0.038703881204128265
diverse,7,fno_physics,34,0.068791463971138,0.03648599982261658
diverse,7,fno_physics,35,0.06689848750829697,0.03435143828392029
diverse,7,fno_physics,36,0.06508192420005798,0.0323467031121254
diverse,7,fno_physics,37,0.06333236396312714,0.03046056628227234
diverse,7,fno_physics,38,0.061593905091285706,0.028650779277086258
diverse,7,fno_physics,39,0.059789326041936874,0.026867296546697617
diverse,7,fno_physics,40,0.057840727269649506,0.025069385766983032
diverse,7,fno_physics,41,0.055683985352516174,0.023237723857164383
diverse,7,fno_physics,42,0.05327894538640976,0.021383479237556458
diverse,7,fno_physics,43,0.050617754459381104,0.019555818289518356
diverse,7,fno_physics,44,0.047733183950185776,0.01784767024219036
diverse,7,fno_physics,45,0.044707611203193665,0.016396738588809967
diverse,7,fno_physics,46,0.041680604219436646,0.015373839996755123
diverse,7,fno_physics,47,0.0388469323515892,0.014942297711968422
diverse,7,fno_physics,48,0.0364292673766613,0.015171585604548454
diverse,7,fno_physics,49,0.03460666537284851,0.01591840572655201
diverse,7,fno_physics,50,0.033400390297174454,0.01676962524652481
diverse,7,fno_physics,51,0.032591719180345535,0.017194252461194992
diverse,7,fno_physics,52,0.031808122992515564,0.016859523952007294
diverse,7,fno_physics,53,0.030768411234021187,0.015802795067429543
diverse,7,fno_physics,54,0.029442083090543747,0.01432089600712061
diverse,7,fno_physics,55,0.02798449620604515,0.012751493602991104
diverse,7,fno_physics,56,0.026571106165647507,0.01133119035512209
diverse,7,fno_physics,57,0.025293994694948196,0.01017151027917862
diverse,7,fno_physics,58,0.02415817603468895,0.009299535304307938
diverse,7,fno_physics,59,0.02312673255801201,0.00870594009757042
diverse,7,fno_physics,60,0.0221649631857872,0.008372709155082703
diverse,7,fno_physics,61,0.02126173861324787,0.00827625673264265
diverse,7,fno_physics,62,0.020426740869879723,0.008373967371881008
diverse,7,fno_physics,63,0.019672175869345665,0.008588932454586029
diverse,7,fno_physics,64,0.018991533666849136,0.008810821920633316
diverse,7,fno_physics,65,0.01835056021809578,0.00892351008951664
diverse,7,fno_physics,66,0.017700744792819023,0.008848561905324459
diverse,7,fno_physics,67,0.017008651047945023,0.008576245978474617
diverse,7,fno_physics,68,0.016278710216283798,0.008163141086697578
diverse,7,fno_physics,69,0.01555127277970314,0.00769980251789093
diverse,7,fno_physics,70,0.01487782783806324,0.00726980809122324
diverse,7,fno_physics,71,0.0142912482842803,0.0069221388548612595
diverse,7,fno_physics,72,0.013789912685751915,0.006666864268481731
diverse,7,fno_physics,73,0.013343695551156998,0.006489569321274757
diverse,7,fno_physics,74,0.012915314175188541,0.006370428949594498
diverse,7,fno_physics,75,0.012481756508350372,0.0062947869300842285
diverse,7,fno_physics,76,0.012042908929288387,0.006250904873013496
diverse,7,fno_physics,77,0.01161491870880127,0.0062204767018556595
diverse,7,fno_physics,78,0.011215061880648136,0.006172804161906242
diverse,7,fno_physics,79,0.010849086567759514,0.006071762647479773
diverse,7,fno_physics,80,0.010509712621569633,0.005894468165934086
diverse,7,fno_physics,81,0.01018647849559784,0.005647506099194288
diverse,7,fno_physics,82,0.009876450523734093,0.005366537254303694
diverse,7,fno_physics,83,0.009584647603332996,0.005100170150399208
diverse,7,fno_physics,84,0.009315324947237968,0.0048913005739450455
diverse,7,fno_physics,85,0.009064922109246254,0.004766636993736029
diverse,7,fno_physics,86,0.008824273943901062,0.00473526306450367
diverse,7,fno_physics,87,0.008587295189499855,0.004790312610566616
diverse,7,fno_physics,88,0.008357154205441475,0.004908883012831211
diverse,7,fno_physics,89,0.008143629878759384,0.005051563493907452
diverse,7,fno_physics,90,0.007953735999763012,0.005168294534087181
diverse,7,fno_physics,91,0.007784369867295027,0.005214700475335121
diverse,7,fno_physics,92,0.0076247090473771095,0.005172139033675194
diverse,7,fno_physics,93,0.007466448005288839,0.005056579597294331
diverse,7,fno_physics,94,0.007310852408409119,0.004908783361315727
diverse,7,fno_physics,95,0.007165283430367708,0.004773911088705063
diverse,7,fno_physics,96,0.007034227717667818,0.004684587009251118
diverse,7,fno_physics,97,0.006915191188454628,0.004653896205127239
diverse,7,fno_physics,98,0.006802345626056194,0.00467560812830925
diverse,7,fno_physics,99,0.006691841874271631,0.004727625288069248
diverse,7,fno_physics,100,0.006582813803106546,0.004779336042702198
diverse,7,fno_physics,101,0.006475280970335007,0.004804196767508984
diverse,7,fno_physics,102,0.006369671784341335,0.004792201332747936
diverse,7,fno_physics,103,0.006268391385674477,0.004753123968839645
diverse,7,fno_physics,104,0.006175251677632332,0.004708383698016405
diverse,7,fno_physics,105,0.006091715767979622,0.004678728058934212
diverse,7,fno_physics,106,0.006014509592205286,0.0046758512035012245
diverse,7,fno_physics,107,0.005938278511166573,0.004699822515249252
diverse,7,fno_physics,108,0.00586048886179924,0.004739656578749418
diverse,7,fno_physics,109,0.005782917607575655,0.0047759306617081165
diverse,7,fno_physics,110,0.005708469543606043,0.004787727724760771
diverse,7,fno_physics,111,0.005637718830257654,0.004763921722769737
diverse,7,fno_physics,112,0.005569102708250284,0.004711594432592392
diverse,7,fno_physics,113,0.005501357838511467,0.004653267562389374
diverse,7,fno_physics,114,0.005434185266494751,0.004614252131432295
diverse,7,fno_physics,115,0.0053673190996050835,0.004609441384673119
diverse,7,fno_physics,116,0.005300907883793116,0.004636474885046482
diverse,7,fno_physics,117,0.005236411467194557,0.0046767378225922585
diverse,7,fno_physics,118,0.005175221711397171,0.004704307299107313
diverse,7,fno_physics,119,0.005116509739309549,0.00470046978443861
diverse,7,fno_physics,120,0.005058069247752428,0.00466515775769949
