train_family,test_family,seed,case,psi_rel_l2,velocity_rel_l2,interior_vorticity_rel_l2,divergence_core_rms,lid_derivative_rmse,primary_vortex_location_error
constant,constant,7,constant_test_0000,0.0008203049461595147,0.0008204705662889208,0.0009517997563639522,1.241319369461088e-16,0.31788435292237144,0.0
constant,constant,7,constant_test_0001,0.00022658397070241594,0.0003397055718832117,0.000639142297361166,1.4704143612803918e-16,0.2615396008896336,0.0
constant,constant,7,constant_test_0002,0.0006254108536223342,0.0012097248782543518,0.001529237160804589,1.4739612668577206e-16,0.21891357445277268,0.0
constant,constant,7,constant_test_0003,0.0011378391449175412,0.0013195173601695637,0.0012909260856252397,1.479152853026818e-16,0.3062765810903992,0.0
constant,constant,7,constant_test_0004,0.0012106057006471146,0.0012502530002998149,0.001225385075591651,1.1314389127211674e-16,0.3109062278912462,0.0
constant,constant,7,constant_test_0005,0.0006819456009858266,0.0012273066110254458,0.0015749176520620588,1.2134126120545227e-16,0.28974301362792226,0.0
constant,constant,17,constant_test_0000,0.0010255825385923167,0.001054354463701299,0.00121096703612907,1.2074126647808068e-16,0.31789867939401917,0.0
constant,constant,17,constant_test_0001,0.0003669563397760396,0.0006505658833406465,0.0008474488607529691,1.452706600695732e-16,0.2613920878477467,0.0
constant,constant,17,constant_test_0002,0.0006613896319761338,0.0010210550632012132,0.0012293927833188997,1.3801442725501514e-16,0.2191568785217088,0.0
constant,constant,17,constant_test_0003,0.0014714999897617114,0.0015804327235671536,0.0015582821502874169,1.5396809754434898e-16,0.3064041097147082,0.0
constant,constant,17,constant_test_0004,0.0015585353333774133,0.001563837833453154,0.0015765155880114316,1.1731524071034592e-16,0.3109976215359058,0.0
constant,constant,17,constant_test_0005,0.0006235459152513159,0.0012112404191581088,0.0015370061527527263,1.1381021905384166e-16,0.28988522071282835,0.0
constant,constant,27,constant_test_0000,0.0009506716583479592,0.0009787703926779079,0.0011885781111047706,1.4348726924415092e-16,0.3179099804914153,0.0
constant,constant,27,constant_test_0001,0.0001953605984604777,0.00029052514265434323,0.0005042181124046949,1.4942924750186184e-16,0.26146536006230026,0.0
constant,constant,27,constant_test_0002,0.0006199192848502828,0.001123232744910462,0.0013346171266419053,1.4444846886049433e-16,0.2190317619773691,0.0
constant,constant,27,constant_test_0003,0.0012231108253755298,0.0013326433527133983,0.001345643026942521,1.2996769920232677e-16,0.30639045938461146,0.0
constant,constant,27,constant_test_0004,0.0013549334286573167,0.0013397666228902988,0.0014049134623214101,1.6517127777609951e-16,0.31100002862164355,0.0
constant,constant,27,constant_test_0005,0.0006416788401495658,0.0012331775842910724,0.0015459259996066885,1.3847414733753703e-16,0.2898557331612332,0.0
constant,constant,ensemble,constant_test_0000,0.0009312926404350974,0.0009482425141134443,0.0011136842663632637,1.275583508955448e-16,0.3178976698693229,0.0
constant,constant,ensemble,constant_test_0001,0.0002409389394950305,0.00039079220341575684,0.0006104158148779142,1.492693962424365e-16,0.2614656822100463,0.0
constant,constant,ensemble,constant_test_0002,0.0006151134239288909,0.001098095241369064,0.0013073302813320813,1.5747160758285162e-16,0.21903405314506655,0.0
constant,constant,ensemble,constant_test_0003,0.0012740611790123674,0.0014025930469356552,0.0013839644607625324,1.4942025116700007e-16,0.30635704761439286,0.0
constant,constant,ensemble,constant_test_0004,0.0013732329750948441,0.0013800662848609797,0.0013940687767557806,1.37392824986225e-16,0.3109679568252264,0.0
constant,constant,ensemble,constant_test_0005,0.0006413785929440208,0.0012114456350172424,0.0015363420207665094,1.3572574032721153e-16,0.2898279885250851,0.0
constant,diverse,7,diverse_test_0000,0.11864702575437433,0.1897536057633814,0.29091224991213266,1.1760408533617535e-16,0.16684006713671698,0.04166666666666663
constant,diverse,7,diverse_test_0001,0.042431939775367244,0.07142065121378363,0.1508370298220346,1.4387800860960945e-16,0.19252232023213375,0.0
constant,diverse,7,diverse_test_0002,0.07231931305830318,0.11473292249696422,0.17815725891863168,1.5424570603159905e-16,0.16895934869009308,0.0
constant,diverse,7,diverse_test_0003,0.18546581840939724,0.2515901832248846,0.35705724876852674,1.2997934784705565e-16,0.17826404174582178,0.058925565098878904
constant,diverse,7,diverse_test_0004,0.24536888252030498,0.3869913146384069,0.397223726732872,1.2048612163278e-16,0.19769205405286405,0.1317615691736825
constant,diverse,7,diverse_test_0005,0.12442072898704644,0.19764083721836673,0.2549598142210707,1.4536766706931205e-16,0.1917010144657813,0.04166666666666663
constant,diverse,17,diverse_test_0000,0.06325369070528032,0.1305845727164547,0.23408924583809274,1.2045296966885796e-16,0.20886700202963854,0.04166666666666663
constant,diverse,17,diverse_test_0001,0.03684874407150972,0.05463151566181832,0.08023979274523105,1.0685016270129605e-16,0.23174598552705117,0.04166666666666663
constant,diverse,17,diverse_test_0002,0.06331259647680636,0.12187111997000727,0.26011034459950383,1.262307582272452e-16,0.210350975782114,0.0
constant,diverse,17,diverse_test_0003,0.12228993540718011,0.18375580079828088,0.22508067870310222,1.381570930336614e-16,0.2177183028313028,0.058925565098878904
constant,diverse,17,diverse_test_0004,0.21298801268988382,0.3545754908930491,0.3162799319430707,1.1223930098703e-16,0.23483626605999952,0.1317615691736825
constant,diverse,17,diverse_test_0005,0.08828275220553032,0.15196225339573236,0.1578750425148388,1.0481504805650061e-16,0.23029717596551375,0.04166666666666663
constant,diverse,27,diverse_test_0000,0.15570586084561705,0.21885084620961823,0.35525862783516104,1.6130001643141592e-16,0.16511422027610825,0.0
constant,diverse,27,diverse_test_0001,0.0892216232825702,0.12261665435881976,0.21840280654868774,1.2961881255108219e-16,0.19168465313925936,0.04166666666666663
constant,diverse,27,diverse_test_0002,0.11981352206779206,0.16671509849025273,0.24442013243276922,1.4206962578640395e-16,0.16726656939565576,0.04166666666666663
constant,diverse,27,diverse_test_0003,0.23701293019713482,0.30052326765053633,0.41384500382803907,1.366520983982143e-16,0.17694223847653842,0.058925565098878904
constant,diverse,27,diverse_test_0004,0.31381742639686744,0.46961254821713555,0.47288956355410106,1.135495737218171e-16,0.19775065466295697,0.08333333333333326
constant,diverse,27,diverse_test_0005,0.1794210337923063,0.25935816979168963,0.322877004507563,1.4887874290713071e-16,0.19120099704019913,0.08333333333333326
constant,diverse,ensemble,diverse_test_0000,0.10673017672301352,0.1716470289668848,0.27298277466420745,1.623878975394073e-16,0.17908583705762599,0.0
constant,diverse,ensemble,diverse_test_0001,0.03583473310794434,0.06387193041134961,0.1218477488641544,1.8032846533930832e-16,0.2041286560499357,0.04166666666666663
constant,diverse,ensemble,diverse_test_0002,0.07468536041194826,0.12373325034771199,0.2037856613858118,1.4750943689991754e-16,0.1809828468732916,0.0
constant,diverse,ensemble,diverse_test_0003,0.17960301787077923,0.24147126021450765,0.3264473871571281,1.6952580236871526e-16,0.18971852532268635,0.058925565098878904
constant,diverse,ensemble,diverse_test_0004,0.2510078675699055,0.3980834034345802,0.3831868575801928,1.2843719647816235e-16,0.20882769160222575,0.1317615691736825
constant,diverse,ensemble,diverse_test_0005,0.12376286845471017,0.19641710515875,0.23001134373260737,1.5306334564722407e-16,0.2031709971932547,0.04166666666666663
constant,ood_shape,7,ood_shape_0000,0.07217301987450611,0.13876422255483783,0.23422173794948364,1.225901940940059e-16,0.17279472543349175,0.058925565098878904
constant,ood_shape,7,ood_shape_0001,0.46457992434171447,0.6045896214658836,0.5287894134839113,1.1710281603440932e-16,0.15366643283004164,0.05892556509887899
constant,ood_shape,7,ood_shape_0002,0.16342053825004513,0.30680479542774425,0.5023815981530404,1.0473501251638236e-16,0.16477793257778356,0.08333333333333337
constant,ood_shape,7,ood_shape_0003,0.2674778275068722,0.3906184950982452,0.3876673279146105,1.0949206045946521e-16,0.17214271073867665,0.0
constant,ood_shape,7,ood_shape_0004,0.2937216457319954,0.4658496069975454,0.4330247022642058,9.907479377427923e-17,0.18143295384154748,0.1317615691736825
constant,ood_shape,7,ood_shape_0005,0.10649545006580848,0.21349009527711663,0.42823385358656807,1.2449088585668565e-16,0.18615123548607151,0.04166666666666674
constant,ood_shape,17,ood_shape_0000,0.05788568919536153,0.1178506117205645,0.24113577992984786,1.0731196320316329e-16,0.21411553654291618,0.0
constant,ood_shape,17,ood_shape_0001,0.4157362132661746,0.5794268494863316,0.5561350253609317,9.898631935391316e-17,0.19327434025142848,0.05892556509887899
constant,ood_shape,17,ood_shape_0002,0.17035124658926773,0.3315809837530749,0.6064315598615105,1.2375580970947254e-16,0.2052020337862635,0.08333333333333337
constant,ood_shape,17,ood_shape_0003,0.246852911900226,0.38240469780159997,0.4484472919590099,1.236880998475434e-16,0.21129881439179118,0.0
constant,ood_shape,17,ood_shape_0004,0.27234359208928727,0.4518327875808023,0.3977979327174289,8.566482897109439e-17,0.21922462787132532,0.125
constant,ood_shape,17,ood_shape_0005,0.1480622541901496,0.25688070772023724,0.5377154411205418,9.519713235663854e-17,0.22552348501395528,0.08333333333333337
constant,ood_shape,27,ood_shape_0000,0.12772690250679725,0.20246892097862454,0.31361856665009785,1.200013258974719e-16,0.17149683931029885,0.04166666666666663
constant,ood_shape,27,ood_shape_0001,0.5456283404116508,0.6922305367977191,0.6141207552028074,1.3492335988318803e-16,0.15245469771281434,0.04166666666666663
constant,ood_shape,27,ood_shape_0002,0.21827957001684545,0.37746782984275495,0.5841521708743778,1.1883404206651737e-16,0.1634822058612972,0.09316949906249125
constant,ood_shape,27,ood_shape_0003,0.32974978543356864,0.4669098068792218,0.47039893983020414,1.3387342435275601e-16,0.17143448994390792,0.04166666666666674
constant,ood_shape,27,ood_shape_0004,0.373257773453123,0.570273834775107,0.5329838544523846,8.841607965931197e-17,0.1811262967908975,0.125
constant,ood_shape,27,ood_shape_0005,0.13442014104251448,0.26575831891230167,0.4940858375380798,1.3600483017886594e-16,0.1853878721860357,0.08333333333333337
constant,ood_shape,ensemble,ood_shape_0000,0.07151953833199612,0.14125051512419448,0.23564303763893166,1.314072619834187e-16,0.184937934496586,0.04166666666666663
constant,ood_shape,ensemble,ood_shape_0001,0.47144101656366344,0.6213801164617642,0.5525659961352758,1.5994454554029144e-16,0.16502752382608957,0.05892556509887899
constant,ood_shape,ensemble,ood_shape_0002,0.17561947114786639,0.3321385135716497,0.5488378272895719,1.300871614686933e-16,0.1765196364859298,0.08333333333333337
constant,ood_shape,ensemble,ood_shape_0003,0.2759300793445419,0.40838524337284365,0.4191435693561352,1.3579408103965725e-16,0.18363147786952325,0.0
constant,ood_shape,ensemble,ood_shape_0004,0.3053435056719046,0.48954508768225397,0.43803266767590976,1.0213475462449728e-16,0.1925924560842107,0.125
constant,ood_shape,ensemble,ood_shape_0005,0.12093164870506802,0.23883999797288555,0.4733380066207997,1.253010099988808e-16,0.19779893894808698,0.08333333333333337
constant,ood_re,7,ood_re_0000,0.3606876568790961,0.4082797933008281,0.5490383396386685,1.6460543503755095e-16,0.1850816787827784,0.05892556509887899
constant,ood_re,7,ood_re_0001,0.2530669080282035,0.3114437689012168,0.47640652235489195,1.5131404047528305e-16,0.18941964190782928,0.05892556509887899
constant,ood_re,7,ood_re_0002,0.3254324896679732,0.3750032865509816,0.5184022396652442,1.483250162784727e-16,0.17935476393280805,0.05892556509887899
constant,ood_re,7,ood_re_0003,0.4559677741488015,0.5667663832528737,0.5743652670095984,1.1795043628628434e-16,0.16306472542273645,0.0931694990624912
constant,ood_re,7,ood_re_0004,0.2420867579621556,0.3269980583051151,0.4279993576714576,1.4802100673399743e-16,0.16170166185302468,0.05892556509887899
constant,ood_re,7,ood_re_0005,0.2800361697573282,0.3429520765522008,0.4889982980142038,1.5452122601211625e-16,0.1803234928023149,0.05892556509887899
constant,ood_re,17,ood_re_0000,0.280908798922166,0.31084396266940717,0.38988238322893004,1.1065402171571025e-16,0.2256051654949951,0.05892556509887899
constant,ood_re,17,ood_re_0001,0.17843122353765467,0.21930567753313648,0.3169320019081175,1.4634246534480972e-16,0.22944656210355252,0.05892556509887899
constant,ood_re,17,ood_re_0002,0.24387932862903117,0.27709535068828667,0.35982182979106836,1.3507587071410788e-16,0.21969342915728993,0.05892556509887899
constant,ood_re,17,ood_re_0003,0.371103984737428,0.48362151818052507,0.4334798495257347,1.204200865962516e-16,0.20331498738239273,0.0931694990624912
constant,ood_re,17,ood_re_0004,0.16559164759346923,0.24165337278512333,0.2878235645334899,1.3254097326539728e-16,0.2036072230259263,0.05892556509887899
constant,ood_re,17,ood_re_0005,0.2002828512884218,0.2453229051277944,0.32065463154795826,1.1715112753055627e-16,0.22131782151702936,0.0
constant,ood_re,27,ood_re_0000,0.40757304472754746,0.4418738924381967,0.6000960339602418,1.821120016160886e-16,0.1837514422738645,0.04166666666666674
constant,ood_re,27,ood_re_0001,0.2942042088058553,0.33822438816901074,0.5241633925982404,1.6227201298384185e-16,0.18826498560725746,0.04166666666666674
constant,ood_re,27,ood_re_0002,0.37758244399571345,0.41857808130351604,0.5736502368904794,1.5671180160265483e-16,0.17795421905510253,0.09316949906249125
constant,ood_re,27,ood_re_0003,0.5339028981045117,0.6479048126905602,0.6542653717221244,1.267983034172566e-16,0.16179888957856217,0.08333333333333326
constant,ood_re,27,ood_re_0004,0.2933035942880779,0.3729557195570031,0.5001486543194984,1.3296469256159913e-16,0.15981336919775088,0.09316949906249125
constant,ood_re,27,ood_re_0005,0.32453903800919065,0.3752433868140094,0.5496244992020874,1.370730019997993e-16,0.17900542311580536,0.04166666666666674
constant,ood_re,ensemble,ood_re_0000,0.3490455580372158,0.3850035311467556,0.5112621599784238,1.563275190139945e-16,0.19698462517890333,0.05892556509887899
constant,ood_re,ensemble,ood_re_0001,0.24076669335663053,0.28682840009095945,0.43706027983432766,1.6586759283869256e-16,0.20121353458431954,0.05892556509887899
constant,ood_re,ensemble,ood_re_0002,0.3151094316021163,0.35508413774825914,0.482327336841759,1.6510483300641084e-16,0.19113041886306764,0.09316949906249125
constant,ood_re,ensemble,ood_re_0003,0.45216713665496505,0.5633642128808174,0.5492423054926007,1.4275125411901148e-16,0.1747354593548222,0.0931694990624912
constant,ood_re,ensemble,ood_re_0004,0.2322987847727016,0.31054223207988585,0.3982840261441101,1.5386717197783913e-16,0.17381514559647107,0.05892556509887899
constant,ood_re,ensemble,ood_re_0005,0.26705087929667115,0.31812616038511515,0.4498751130786874,1.356573667583796e-16,0.19238204568397616,0.04166666666666674
diverse,constant,7,constant_test_0000,0.031740947791072706,0.033416551652952826,0.056396076741245554,1.3457347813013332e-16,0.2967706945868869,0.0
diverse,constant,7,constant_test_0001,0.01008670800755661,0.01728026327509054,0.02662786285038039,1.3495083188447368e-16,0.251974146836075,0.0
diverse,constant,7,constant_test_0002,0.006432875751363574,0.011111363327773623,0.015367931624615739,1.3540070246873506e-16,0.21602040248120755,0.0
diverse,constant,7,constant_test_0003,0.023328730160494828,0.02724482972481101,0.04751472809415582,1.2485028871879182e-16,0.28832481215242795,0.0
diverse,constant,7,constant_test_0004,0.026292992427209214,0.02935883215399786,0.050720087283255715,1.4208783433287636e-16,0.29172921328707957,0.0
diverse,constant,7,constant_test_0005,0.015913364118304536,0.02221626461958149,0.03850588759944015,1.4554529110048342e-16,0.27557313254148574,0.0
diverse,constant,17,constant_test_0000,0.031478969281694996,0.03231258905691581,0.056062947329390336,1.4212437646148405e-16,0.2963010380419535,0.0
diverse,constant,17,constant_test_0001,0.009443489613919717,0.016392948941425324,0.02440936132370584,1.3388596275850398e-16,0.25191750842516186,0.0
diverse,constant,17,constant_test_0002,0.009820650991669405,0.017099747434525588,0.02311114323574044,1.3963677984798754e-16,0.21431997162410302,0.0
diverse,constant,17,constant_test_0003,0.02239435738237508,0.025175709514610775,0.045789556290376274,1.3436726850387382e-16,0.28818704331369993,0.0
diverse,constant,17,constant_test_0004,0.025660434747743963,0.027683351068321874,0.049585130198350036,1.3726294327304543e-16,0.2914684730045423,0.0
diverse,constant,17,constant_test_0005,0.013889665028540854,0.01914245098666161,0.034770682410222964,1.3384304984774318e-16,0.2757538981156496,0.0
diverse,constant,27,constant_test_0000,0.024431807608741956,0.02592101027066901,0.04885407863983166,1.1321466577940085e-16,0.3035517360051205,0.0
diverse,constant,27,constant_test_0001,0.006494672278398313,0.012698623566111962,0.024151886858862125,1.3544458289895889e-16,0.2581552549524751,0.0
diverse,constant,27,constant_test_0002,0.0035191587026171746,0.006768498231421852,0.013503103956265958,1.5620961894718463e-16,0.21690620491018664,0.0
diverse,constant,27,constant_test_0003,0.013845343371265119,0.019181439642110422,0.03888408344470531,1.2232003549142374e-16,0.2963225345612956,0.0
diverse,constant,27,constant_test_0004,0.017431390660167922,0.021179266606853136,0.0422170491467825,1.3821225805747163e-16,0.29929741559387263,0.0
diverse,constant,27,constant_test_0005,0.007821393490097674,0.01658256860897922,0.0320364596125317,1.2851444264291278e-16,0.2842625636725832,0.0
diverse,constant,ensemble,constant_test_0000,0.02911113641563944,0.030134271052572558,0.05336741544993838,1.564296271935856e-16,0.29886263636054117,0.0
diverse,constant,ensemble,constant_test_0001,0.007827082156127211,0.014446005054253988,0.02383926495094001,1.4893702681436426e-16,0.25399518083428374,0.0
diverse,constant,ensemble,constant_test_0002,0.006407250790022642,0.011399756097049674,0.016762653471662937,1.6027839989869865e-16,0.21574255903664655,0.0
diverse,constant,ensemble,constant_test_0003,0.019677864238177644,0.0231438773055345,0.04327884000158534,1.4658822438806083e-16,0.29092899194363786,0.0
diverse,constant,ensemble,constant_test_0004,0.022998395052299787,0.025509138561919283,0.046901708341635526,1.5812234883055006e-16,0.29415091143503286,0.0
diverse,constant,ensemble,constant_test_0005,0.011810990789266475,0.018030666079742574,0.033679092119323184,1.6307360641118343e-16,0.2785082925836441,0.0
diverse,diverse,7,diverse_test_0000,0.0034458255166026526,0.005856336704350724,0.009307927990687977,1.2844503939763383e-16,0.22381283997287216,0.0
diverse,diverse,7,diverse_test_0001,0.003641102881603926,0.005481133335187336,0.006171310547237612,1.3599115742716746e-16,0.2367367662195061,0.0
diverse,diverse,7,diverse_test_0002,0.002691734041537477,0.003799425272037332,0.007035055342536129,1.2552245446226428e-16,0.13942822160014248,0.0
diverse,diverse,7,diverse_test_0003,0.01818208519970339,0.020671613110839458,0.037976976300192776,1.1449852128713928e-16,0.20852051631816163,0.0
diverse,diverse,7,diverse_test_0004,0.010118878026366207,0.014688227917012976,0.022822235117212864,7.675854965487232e-17,0.26554610140627893,0.0
diverse,diverse,7,diverse_test_0005,0.004388588399581086,0.008533089237013323,0.011332323394047362,1.2942613650443505e-16,0.24203948984715837,0.0
diverse,diverse,17,diverse_test_0000,0.002453033360078377,0.004652157506064307,0.009589255060506957,1.229935963885165e-16,0.22556028988350102,0.0
diverse,diverse,17,diverse_test_0001,0.002699982498625366,0.004630534972277095,0.00549338733162277,1.0829715905812673e-16,0.23643498139443916,0.0
diverse,diverse,17,diverse_test_0002,0.002788810168330977,0.005013268309967374,0.008582261616696263,1.3378238375503312e-16,0.13885704566194548,0.0
diverse,diverse,17,diverse_test_0003,0.01459879966245547,0.01850173608997591,0.03137386835108462,1.23590157032424e-16,0.2108442818950035,0.0
diverse,diverse,17,diverse_test_0004,0.010199874848982245,0.015434648494459025,0.024730233988416086,8.272687592570364e-17,0.26645872145809735,0.0
diverse,diverse,17,diverse_test_0005,0.003582231662876093,0.007039597366206695,0.009962690523594485,1.0126577322396213e-16,0.24182978700607574,0.0
diverse,diverse,27,diverse_test_0000,0.005558313299542667,0.008021462548551442,0.016657383029820783,1.1129520720004595e-16,0.22474508737562585,0.0
diverse,diverse,27,diverse_test_0001,0.0020981132291671267,0.0037510322298200606,0.007236643849766823,1.2122626059172477e-16,0.23652444809529474,0.0
diverse,diverse,27,diverse_test_0002,0.0033300395469860107,0.005609527324165834,0.007937280528640912,1.5512251544814965e-16,0.13963574417261845,0.0
diverse,diverse,27,diverse_test_0003,0.018429872717811904,0.020471312222197318,0.03069991702796255,1.1370797624095097e-16,0.2098748644432726,0.0
diverse,diverse,27,diverse_test_0004,0.00853273641432301,0.014265021218559736,0.02574882114934511,9.420255169580534e-17,0.26815269377276896,0.0
diverse,diverse,27,diverse_test_0005,0.006128367091593887,0.009665704547005275,0.014763104788493457,1.0988184521590308e-16,0.24213918301979642,0.0
diverse,diverse,ensemble,diverse_test_0000,0.0029773824899757013,0.005254200147387577,0.010421697271285318,1.2866010969451875e-16,0.2247032382505674,0.0
diverse,diverse,ensemble,diverse_test_0001,0.0026298590699580762,0.004205542454634528,0.00525366198567246,1.3681391703561288e-16,0.23656279379978154,0.0
diverse,diverse,ensemble,diverse_test_0002,0.0027626358834094704,0.004477583842310814,0.007028354594548655,1.333315453739426e-16,0.13930442388535985,0.0
diverse,diverse,ensemble,diverse_test_0003,0.016888104447325587,0.0191919393447063,0.032364600772910326,1.1423285141796701e-16,0.20974196834155964,0.0
diverse,diverse,ensemble,diverse_test_0004,0.009375977392948267,0.0144236545069517,0.023999513221181754,1.0085590213754822e-16,0.2667181364621251,0.0
diverse,diverse,ensemble,diverse_test_0005,0.003927664421392513,0.007493455596423487,0.010327371888072945,1.2319141903327793e-16,0.24199866771205417,0.0
diverse,ood_shape,7,ood_shape_0000,0.024903312192334257,0.05858092755746611,0.12069208104905205,1.1691136948483837e-16,0.21006193686765534,0.0
diverse,ood_shape,7,ood_shape_0001,0.10292106307579676,0.12981119250951717,0.1556232113368579,8.731153552460518e-17,0.13855128134902506,0.05892556509887899
diverse,ood_shape,7,ood_shape_0002,0.029792281320886325,0.06755289558686026,0.16158840672749133,1.0186876749171492e-16,0.13252507435550093,0.04166666666666674
diverse,ood_shape,7,ood_shape_0003,0.0205894336573326,0.043602971703565224,0.07631776083182225,1.0631068639681988e-16,0.13998857479407548,0.04166666666666663
diverse,ood_shape,7,ood_shape_0004,0.06088846632486891,0.12359333880127671,0.1839619630089248,7.860027598213881e-17,0.1915062062529134,0.0
diverse,ood_shape,7,ood_shape_0005,0.044651314379935386,0.08039604272885513,0.16620817704415247,1.272200279374768e-16,0.12704841622798857,0.0
diverse,ood_shape,17,ood_shape_0000,0.025882368155245854,0.05396805423529936,0.11909699560776657,1.2618285410713206e-16,0.20595871621589523,0.0
diverse,ood_shape,17,ood_shape_0001,0.08247466085421364,0.1131887760739971,0.1584746866672997,9.317528842115248e-17,0.14475701960151857,0.05892556509887899
diverse,ood_shape,17,ood_shape_0002,0.03579566450395461,0.07394156143567789,0.16566812842334133,9.802329364956144e-17,0.1388310694359169,0.04166666666666674
diverse,ood_shape,17,ood_shape_0003,0.01815786232721016,0.04302481203632462,0.08682172717063713,8.714008634492935e-17,0.14108303884832027,0.04166666666666663
diverse,ood_shape,17,ood_shape_0004,0.06135192745417388,0.1256679235576275,0.18337846730381252,7.823785338365284e-17,0.19573006950128263,0.04166666666666663
diverse,ood_shape,17,ood_shape_0005,0.0389194193627593,0.07788309878537003,0.1613017702133382,1.1854067516769115e-16,0.12458053822920273,0.0
diverse,ood_shape,27,ood_shape_0000,0.030965149080671623,0.0705165200257253,0.14595191715848566,1.1045156786580777e-16,0.2075584437333082,0.0
diverse,ood_shape,27,ood_shape_0001,0.12545436775977498,0.1504135087421358,0.15623054585974394,9.875659896657738e-17,0.13103524406939518,0.05892556509887899
diverse,ood_shape,27,ood_shape_0002,0.04941388206863616,0.09563664135581074,0.18960173535773275,1.2509184330912047e-16,0.13910278971066653,0.04166666666666674
diverse,ood_shape,27,ood_shape_0003,0.025455640115423433,0.04795502220053206,0.0830183328744691,9.591439101780711e-17,0.13681677592762653,0.04166666666666663
diverse,ood_shape,27,ood_shape_0004,0.045955350481682096,0.11344083240945398,0.1802983269952081,8.141187689897358e-17,0.19482107104416527,0.0
diverse,ood_shape,27,ood_shape_0005,0.0416200154525118,0.07762565302670348,0.1618582489751664,1.2306249585762928e-16,0.12543740258736288,0.0
diverse,ood_shape,ensemble,ood_shape_0000,0.025337682742213534,0.05894354924749618,0.1264852620266981,1.3086651240481388e-16,0.20773655042241665,0.0
diverse,ood_shape,ensemble,ood_shape_0001,0.10250763847219375,0.12859426707887955,0.15346467737370142,9.012340291335274e-17,0.13795072214929605,0.05892556509887899
diverse,ood_shape,ensemble,ood_shape_0002,0.037722719558202084,0.07782018830762506,0.1707151099796813,1.10221876990607e-16,0.1367567657244377,0.04166666666666674
diverse,ood_shape,ensemble,ood_shape_0003,0.01929652193039391,0.04252347171027956,0.08018214146882154,1.2091379046048992e-16,0.13924125270212726,0.04166666666666663
diverse,ood_shape,ensemble,ood_shape_0004,0.05504762946727209,0.11970415569443103,0.18158425094250608,9.635581962293634e-17,0.19400147319289393,0.0
diverse,ood_shape,ensemble,ood_shape_0005,0.04142496994996535,0.07812179176017456,0.16271401848281442,1.346710968373698e-16,0.1256447655500149,0.0
diverse,ood_re,7,ood_re_0000,0.15678099431741224,0.14339256849052925,0.14160125359381698,1.3211139659986705e-16,0.3222226817730718,0.0
diverse,ood_re,7,ood_re_0001,0.0687331642711005,0.06319277053251714,0.06865872126730749,1.1707479876330293e-16,0.3231946814911151,0.0
diverse,ood_re,7,ood_re_0002,0.1073133589413166,0.10196498027180789,0.10391675301306125,1.1490203217972004e-16,0.2885173063868476,0.0
diverse,ood_re,7,ood_re_0003,0.1495269215620208,0.16895758192515206,0.16608373774530483,8.012090091443614e-17,0.20799293207488845,0.04166666666666663
diverse,ood_re,7,ood_re_0004,0.036330705391227416,0.03630533645932476,0.042586137213570595,1.1598948794143126e-16,0.229811081128144,0.0
diverse,ood_re,7,ood_re_0005,0.08405615203223282,0.08022863245545542,0.08279656850488147,1.1812098518550084e-16,0.31623102545663934,0.04166666666666663
diverse,ood_re,17,ood_re_0000,0.1531704240306532,0.13920476643264296,0.13079600752719286,1.2542121759219006e-16,0.32283679934473003,0.04166666666666663
diverse,ood_re,17,ood_re_0001,0.07084972890275888,0.0654137735724524,0.06827022202743005,1.1229448284002375e-16,0.32154899820575744,0.0
diverse,ood_re,17,ood_re_0002,0.10473231956826798,0.10131072712593162,0.09723540229630358,1.0575619173918703e-16,0.2914260656660272,0.0
diverse,ood_re,17,ood_re_0003,0.1471968182040013,0.1705269882839863,0.1645926379937885,9.108609358944253e-17,0.2122987366735207,0.04166666666666663
diverse,ood_re,17,ood_re_0004,0.04141938252590429,0.04414394937586592,0.051304216708236906,1.0152206336659673e-16,0.2310610939164359,0.0
diverse,ood_re,17,ood_re_0005,0.09150450263423929,0.08953478019091637,0.09183810446698085,1.1672480466766557e-16,0.3166392410059086,0.04166666666666663
diverse,ood_re,27,ood_re_0000,0.16561258908896878,0.1534931574780901,0.1479078195774728,1.541173197458962e-16,0.3179640587572218,0.04166666666666663
diverse,ood_re,27,ood_re_0001,0.07826900125950378,0.07518870391549039,0.08114092139104045,1.403516683151764e-16,0.31925167633729884,0.04166666666666663
diverse,ood_re,27,ood_re_0002,0.1124954662830397,0.1133918027720083,0.10923794383512017,1.1742206440789184e-16,0.2915506018751133,0.0
diverse,ood_re,27,ood_re_0003,0.1405251949094764,0.17416726341511532,0.16852987216842794,1.0491304471569127e-16,0.21364652565964135,0.04166666666666663
diverse,ood_re,27,ood_re_0004,0.026470912163747033,0.030273086778966864,0.043761539840739196,1.092413648683417e-16,0.23409883040252583,0.0
diverse,ood_re,27,ood_re_0005,0.09783781672122059,0.0968873705557509,0.10024838485722076,1.08021078327486e-16,0.3108551319604219,0.04166666666666663
diverse,ood_re,ensemble,ood_re_0000,0.15839662493807993,0.14489033174146812,0.13944780304196142,1.4487611866500523e-16,0.3209743502420009,0.04166666666666663
diverse,ood_re,ensemble,ood_re_0001,0.07243196222518304,0.06720016129980529,0.07180085960402433,1.4915341997094006e-16,0.3213119281062428,0.0
diverse,ood_re,ensemble,ood_re_0002,0.10803117911636471,0.10507707769187974,0.10277127342593188,1.2854455838761868e-16,0.2904855118513959,0.0
diverse,ood_re,ensemble,ood_re_0003,0.14543624672908018,0.17071738054194593,0.16569520256674686,1.0926048520775893e-16,0.2112690051738244,0.04166666666666663
diverse,ood_re,ensemble,ood_re_0004,0.03457643945724859,0.03645755219262507,0.04478922544353057,1.2348043544004698e-16,0.23164717514415978,0.0
diverse,ood_re,ensemble,ood_re_0005,0.09087514606951344,0.0879214579803726,0.08999722589073358,1.372714128376577e-16,0.3145406652835181,0.04166666666666663
