family,candidate,step,phase,train,validation_velocity_rel_l2
constant,12_64_0.0,1,Adam,0.000279958010723454,0.15851414053553403
constant,12_64_0.0,21,Adam,1.2958822798811769e-05,0.05399174791404916
constant,12_64_0.0,41,Adam,1.1667352603996685e-05,0.0494884228750577
constant,12_64_0.0,61,Adam,1.0593855131234467e-05,0.05001571074467276
constant,12_64_0.0,81,Adam,1.0208204136512918e-05,0.04807888594440874
constant,12_64_0.0,101,Adam,1.0028940292241506e-05,0.04803381360333492
constant,12_64_0.0,121,Adam,9.897151190130782e-06,0.047625015544887093
constant,12_64_0.0,141,Adam,9.748376466612479e-06,0.047275448116999
constant,12_64_0.0,161,Adam,9.57662284996855e-06,0.04693934176990442
constant,12_64_0.0,181,Adam,9.369704080662084e-06,0.0465227073267155
constant,12_64_0.0,201,Adam,9.106077674364149e-06,0.04597559614476485
constant,12_64_0.0,221,Adam,8.755031775390987e-06,0.04519680064619738
constant,12_64_0.0,241,Adam,8.286740024453029e-06,0.044088153803972616
constant,12_64_0.0,261,Adam,7.679262165688752e-06,0.04261150801621373
constant,12_64_0.0,281,Adam,6.925369424864387e-06,0.04072882182786755
constant,12_64_0.0,301,Adam,6.043659889278941e-06,0.03841819480301693
constant,12_64_0.0,321,Adam,5.078298577857803e-06,0.03569939347472186
constant,12_64_0.0,341,Adam,4.089147850018775e-06,0.032648935805134324
constant,12_64_0.0,361,Adam,3.1447710744286197e-06,0.029396348262296663
constant,12_64_0.0,381,Adam,2.31518706502194e-06,0.02613247748961689
constant,12_64_0.0,401,Adam,1.6542322398036383e-06,0.02309861165863884
constant,12_64_0.0,421,Adam,1.180196899524028e-06,0.02053471239479612
constant,12_64_0.0,441,Adam,8.725805334846717e-07,0.018602806589936835
constant,12_64_0.0,461,Adam,6.877211836380826e-07,0.017313866620223262
constant,12_64_0.0,481,Adam,5.799609065784518e-07,0.01651949046967419
constant,12_64_0.0,501,Adam,5.148947849634553e-07,0.016017100313171908
constant,12_64_0.0,521,Adam,4.717764499446941e-07,0.015658130180533893
constant,12_64_0.0,541,Adam,4.3997170080449677e-07,0.015366201964576626
constant,12_64_0.0,561,Adam,4.145868247744346e-07,0.015110715216991994
constant,12_64_0.0,581,Adam,3.934304218287586e-07,0.014881878602380418
constant,12_64_0.0,601,Adam,3.7541650386172556e-07,0.014676286544097156
constant,12_64_0.0,621,Adam,3.598912363115506e-07,0.014490958231739449
constant,12_64_0.0,641,Adam,3.463943788720346e-07,0.014322456271520258
constant,12_64_0.0,661,Adam,3.345739383242754e-07,0.01416770547164771
constant,12_64_0.0,681,Adam,3.2414837493773846e-07,0.01402447340468404
constant,12_64_0.0,701,Adam,3.148866979016994e-07,0.013891238550396874
constant,12_64_0.0,721,Adam,3.0659669359198553e-07,0.013766900715993437
constant,12_64_0.0,741,Adam,2.9911719767107206e-07,0.013650600114447593
constant,12_64_0.0,761,Adam,2.9231266395253543e-07,0.013541634724768749
constant,12_64_0.0,781,Adam,2.8606922963083597e-07,0.01343941298557588
constant,12_64_0.0,801,Adam,2.8029183183917645e-07,0.013343420226432534
constant,12_64_0.0,821,Adam,2.749020588923574e-07,0.013253197292043542
constant,12_64_0.0,841,Adam,2.6983646397954847e-07,0.01316832862931932
constant,12_64_0.0,861,Adam,2.650450915223061e-07,0.013088435896211255
constant,12_64_0.0,881,Adam,2.604900035014839e-07,0.013013174504641943
constant,12_64_0.0,901,Adam,2.5614366348261207e-07,0.012942231516437194
constant,12_64_0.0,921,Adam,2.5198713615442544e-07,0.01287532375905389
constant,12_64_0.0,941,Adam,2.48008165107739e-07,0.01281219550559347
constant,12_64_0.0,961,Adam,2.441992676676492e-07,0.012752615591660226
constant,12_64_0.0,981,Adam,2.405560088832893e-07,0.012696374233228384
constant,12_64_0.0,1001,Adam,2.3707558593543526e-07,0.012643279968096234
constant,12_64_0.0,1021,Adam,2.3375578937003663e-07,0.012593157079953319
constant,12_64_0.0,1041,Adam,2.3059433734982168e-07,0.012545843668717634
constant,12_64_0.0,1061,Adam,2.2758852620694994e-07,0.01250119032232609
constant,12_64_0.0,1081,Adam,2.247351143796747e-07,0.01245905921030816
constant,12_64_0.0,1101,Adam,2.220303547888704e-07,0.012419323383761515
constant,12_64_0.0,1121,Adam,2.194701041988435e-07,0.01238186610614752
constant,12_64_0.0,1141,Adam,2.1704995792162633e-07,0.012346580112488587
constant,12_64_0.0,1161,Adam,2.147653777143552e-07,0.012313366765509797
constant,12_64_0.0,1181,Adam,2.1261179641687486e-07,0.012282135127176023
constant,12_64_0.0,1201,Adam,2.1058469379700027e-07,0.012252800989174324
constant,12_64_0.0,1221,Adam,2.0867964467016248e-07,0.012225285911104873
constant,12_64_0.0,1241,Adam,2.0689234367728045e-07,0.012199516308147277
constant,12_64_0.0,1261,Adam,2.0521861223452333e-07,0.012175422617617249
constant,12_64_0.0,1281,Adam,2.036543930166623e-07,0.012152938560822614
constant,12_64_0.0,1301,Adam,2.0219573655141412e-07,0.012132000505528342
constant,12_64_0.0,1321,Adam,2.008387835015483e-07,0.012112546926119181
constant,12_64_0.0,1341,Adam,1.9957974523183632e-07,0.012094517953220044
constant,12_64_0.0,1361,Adam,1.9841488441434435e-07,0.01207785500164107
constant,12_64_0.0,1381,Adam,1.9734049675766885e-07,0.012062500464449698
constant,12_64_0.0,1401,Adam,1.9635289445075054e-07,0.012048397461153354
constant,12_64_0.0,1421,Adam,1.9544839156691768e-07,0.012035489628920214
constant,12_64_0.0,1441,Adam,1.9462329144883297e-07,0.012023720947110465
constant,12_64_0.0,1461,Adam,1.9387387596039897e-07,0.012013035586882489
constant,12_64_0.0,1481,Adam,1.9319639642156617e-07,0.012003377779119008
constant,12_64_0.0,1501,Adam,1.9258706601554314e-07,0.011994691695292188
constant,12_64_0.0,1521,Adam,1.92042053459302e-07,0.011986921337110936
constant,12_64_0.0,1541,Adam,1.9155747774605498e-07,0.011980010431858652
constant,12_64_0.0,1561,Adam,1.9112940379465788e-07,0.011973902331245127
constant,12_64_0.0,1581,Adam,1.9075383887056602e-07,0.01196853991238896
constant,12_64_0.0,1601,Adam,1.9042672967288915e-07,0.0119638654802521
constant,12_64_0.0,1621,Adam,1.901439600105822e-07,0.011959820671501996
constant,12_64_0.0,1641,Adam,1.89901349017124e-07,0.011956346360422799
constant,12_64_0.0,1661,Adam,1.8969464987700667e-07,0.011953382568167071
constant,12_64_0.0,1681,Adam,1.8951954905921218e-07,0.011950868377364749
constant,12_64_0.0,1701,Adam,1.8937166607288736e-07,0.011948741854891557
constant,12_64_0.0,1721,Adam,1.892465537790517e-07,0.01194693998643014
constant,12_64_0.0,1741,Adam,1.89139699309636e-07,0.011945398627278642
constant,12_64_0.0,1761,Adam,1.8904652566161347e-07,0.011944052474562487
constant,12_64_0.0,1781,Adam,1.8896239404934297e-07,0.011942835066404431
constant,12_64_0.0,1800,Adam,1.8888656641950546e-07,0.011941736229315665
constant,12_64_0.0,1810,LBFGS,1.8888656641950546e-07,0.011941736229315665
constant,12_64_0.0,1820,LBFGS,1.8888656641950546e-07,0.011941736229315665
constant,12_64_0.0,1830,LBFGS,1.8888656641950546e-07,0.011941736229315665
constant,12_64_0.0,1840,LBFGS,1.8888656641950546e-07,0.011941736229315665
constant,12_64_0.0,1850,LBFGS,1.8888656641950546e-07,0.011941736229315665
constant,12_64_0.0,1860,LBFGS,1.8888656641950546e-07,0.011941736229315665
constant,12_64_0.0,1870,LBFGS,1.8888656641950546e-07,0.011941736229315665
constant,12_64_0.0,1880,LBFGS,1.8888656641950546e-07,0.011941736229315665
constant,12_64_0.0,1890,LBFGS,1.8888656641950546e-07,0.011941736229315665
constant,12_64_0.0,1900,LBFGS,1.8888656641950546e-07,0.011941736229315665
constant,12_64_0.0,1910,LBFGS,1.8888656641950546e-07,0.011941736229315665
constant,12_64_0.0,1920,LBFGS,1.8888656641950546e-07,0.011941736229315665
constant,12_64_0.0,1930,LBFGS,1.8888656641950546e-07,0.011941736229315665
constant,12_64_0.0,1940,LBFGS,1.8888656641950546e-07,0.011941736229315665
constant,12_64_0.0,1950,LBFGS,1.8888656641950546e-07,0.011941736229315665
constant,12_64_0.0,1960,LBFGS,1.8888656641950546e-07,0.011941736229315665
constant,12_64_0.0,1970,LBFGS,1.8888656641950546e-07,0.011941736229315665
constant,12_64_0.0,1980,LBFGS,1.8888656641950546e-07,0.011941736229315665
constant,12_64_0.0,1990,LBFGS,1.8888656641950546e-07,0.011941736229315665
constant,12_64_0.0,2000,LBFGS,1.8888656641950546e-07,0.011941736229315665
constant,12_64_0.0,2010,LBFGS,1.8888656641950546e-07,0.011941736229315665
constant,12_64_0.0,2020,LBFGS,1.8888656641950546e-07,0.011941736229315665
constant,12_64_0.0,2030,LBFGS,1.8888656641950546e-07,0.011941736229315665
constant,12_64_0.0,2040,LBFGS,1.8888656641950546e-07,0.011941736229315665
constant,12_64_0.0,2050,LBFGS,1.8888656641950546e-07,0.011941736229315665
constant,24_64_0.02,1,Adam,0.00030636120722069975,0.15851091926801647
constant,24_64_0.02,21,Adam,1.3753917966984958e-05,0.054006010041612214
constant,24_64_0.02,41,Adam,1.2384194976624261e-05,0.04943078868660481
constant,24_64_0.02,61,Adam,1.1239118005056598e-05,0.0500160447688785
constant,24_64_0.02,81,Adam,1.0834052838694683e-05,0.048088804683777825
constant,24_64_0.02,101,Adam,1.0649141940598678e-05,0.04806720051180402
constant,24_64_0.02,121,Adam,1.0517276188462797e-05,0.047654926796778935
constant,24_64_0.02,141,Adam,1.0367606046277986e-05,0.047303309498242886
constant,24_64_0.02,161,Adam,1.019298053090587e-05,0.04696718527355281
constant,24_64_0.02,181,Adam,9.980380452417967e-06,0.046552352426638965
constant,24_64_0.02,201,Adam,9.707325323620956e-06,0.04600712005538979
constant,24_64_0.02,221,Adam,9.342103019074804e-06,0.04523250178139412
constant,24_64_0.02,241,Adam,8.853315743861798e-06,0.04413204920142831
constant,24_64_0.02,261,Adam,8.216607361091387e-06,0.04266348331995193
constant,24_64_0.02,281,Adam,7.421702737947812e-06,0.04078496181929568
constant,24_64_0.02,301,Adam,6.4850377239376455e-06,0.03847097887055884
constant,24_64_0.02,321,Adam,5.452318307882094e-06,0.03574144339624175
constant,24_64_0.02,341,Adam,4.389305951458031e-06,0.032676081045021246
constant,24_64_0.02,361,Adam,3.372162034258767e-06,0.029408409874851243
constant,24_64_0.02,381,Adam,2.4774685554044074e-06,0.02612866835849701
constant,24_64_0.02,401,Adam,1.7636025221698966e-06,0.023075143108267648
constant,24_64_0.02,421,Adam,1.2509579766546313e-06,0.020487730693561593
constant,24_64_0.02,441,Adam,9.184176519550804e-07,0.018534175049506517
constant,24_64_0.02,461,Adam,7.195107395720585e-07,0.017233713449538945
constant,24_64_0.02,481,Adam,6.049139724281088e-07,0.016440222309745546
constant,24_64_0.02,501,Adam,5.370021876446659e-07,0.015946174478261313
constant,24_64_0.02,521,Adam,4.928602621306177e-07,0.015597761472141092
constant,24_64_0.02,541,Adam,4.606778688592356e-07,0.015315854672276776
constant,24_64_0.02,561,Adam,4.3504579876974423e-07,0.015068824810836004
constant,24_64_0.02,581,Adam,4.136047480187209e-07,0.014846798534883247
constant,24_64_0.02,601,Adam,3.952450338998839e-07,0.01464674670073746
constant,24_64_0.02,621,Adam,3.793312454324024e-07,0.014466096774693798
constant,24_64_0.02,641,Adam,3.6542676069128604e-07,0.01430163065327576
constant,24_64_0.02,661,Adam,3.531997140309476e-07,0.01415033769245981
constant,24_64_0.02,681,Adam,3.423842020947751e-07,0.014010007594664193
constant,24_64_0.02,701,Adam,3.3276090696102005e-07,0.013879154426982735
constant,24_64_0.02,721,Adam,3.2414607771157767e-07,0.01375673020073735
constant,24_64_0.02,741,Adam,3.1638442559491813e-07,0.013641935352744812
constant,24_64_0.02,761,Adam,3.0934409916250357e-07,0.013534130706683575
constant,24_64_0.02,781,Adam,3.02912958006529e-07,0.013432786676983378
constant,24_64_0.02,801,Adam,2.969957586456788e-07,0.01333744677791067
constant,24_64_0.02,821,Adam,2.915120161997404e-07,0.013247704036109115
constant,24_64_0.02,841,Adam,2.863943633446308e-07,0.01316318749826857
constant,24_64_0.02,861,Adam,2.8158724701422665e-07,0.013083554766869086
constant,24_64_0.02,881,Adam,2.7704581063583333e-07,0.013008488118557216
constant,24_64_0.02,901,Adam,2.7273482413642753e-07,0.01293769283112258
constant,24_64_0.02,921,Adam,2.6862755654920374e-07,0.012870896625817266
constant,24_64_0.02,941,Adam,2.6470453795361397e-07,0.012807849359522266
constant,24_64_0.02,961,Adam,2.6095221927151913e-07,0.012748322413666963
constant,24_64_0.02,981,Adam,2.573615934703593e-07,0.012692107540944436
constant,24_64_0.02,1001,Adam,2.5392687369111095e-07,0.01263901519841866
constant,24_64_0.02,1021,Adam,2.50644324763452e-07,0.012588872575216528
constant,24_64_0.02,1041,Adam,2.4751131838551925e-07,0.012541521584999753
constant,24_64_0.02,1061,Adam,2.445256417533617e-07,0.012496817048249922
constant,24_64_0.02,1081,Adam,2.416850494997971e-07,0.012454625183668962
constant,24_64_0.02,1101,Adam,2.389870201010795e-07,0.012414822417426868
constant,24_64_0.02,1121,Adam,2.3642866427885503e-07,0.012377294442950541
constant,24_64_0.02,1141,Adam,2.340067325030562e-07,0.012341935435135969
constant,24_64_0.02,1161,Adam,2.317176767832128e-07,0.012308647332369436
constant,24_64_0.02,1181,Adam,2.2955773361655706e-07,0.012277339129286854
constant,24_64_0.02,1201,Adam,2.2752300661869633e-07,0.012247926155873789
constant,24_64_0.02,1221,Adam,2.2560953700721297e-07,0.012220329343975768
constant,24_64_0.02,1241,Adam,2.2381335707693187e-07,0.012194474497020052
constant,24_64_0.02,1261,Adam,2.2213052625075764e-07,0.01217029158377922
constant,24_64_0.02,1281,Adam,2.205571517348825e-07,0.012147714075351817
constant,24_64_0.02,1301,Adam,2.190893968512777e-07,0.012126678339384673
constant,24_64_0.02,1321,Adam,2.1772348028850926e-07,0.012107123099379245
constant,24_64_0.02,1341,Adam,2.164556692008183e-07,0.012088988961242433
constant,24_64_0.02,1361,Adam,2.1528226856429677e-07,0.012072218004791066
constant,24_64_0.02,1381,Adam,2.1419960863307243e-07,0.012056753434884951
constant,24_64_0.02,1401,Adam,2.1320403181758538e-07,0.012042539285122552
constant,24_64_0.02,1421,Adam,2.1229187987148329e-07,0.01202952016632219
constant,24_64_0.02,1441,Adam,2.1145948193354853e-07,0.012017641052044002
constant,24_64_0.02,1461,Adam,2.1070314372030035e-07,0.012006847093921623
constant,24_64_0.02,1481,Adam,2.1001913798998473e-07,0.011997083460360304
constant,24_64_0.02,1501,Adam,2.0940369628400527e-07,0.011988295193069806
constant,24_64_0.02,1521,Adam,2.088530018826653e-07,0.011980427076834888
constant,24_64_0.02,1541,Adam,2.0836318387570962e-07,0.011973423518824092
constant,24_64_0.02,1561,Adam,2.079303122344544e-07,0.011967228434574888
constant,24_64_0.02,1581,Adam,2.0755039377356861e-07,0.011961785138565776
constant,24_64_0.02,1601,Adam,2.072193689012564e-07,0.011957036238012534
constant,24_64_0.02,1621,Adam,2.069331090728446e-07,0.011952923529231683
constant,24_64_0.02,1641,Adam,2.0668741488205304e-07,0.01194938789663853
constant,24_64_0.02,1661,Adam,2.064780147449526e-07,0.011946369215223384
constant,24_64_0.02,1681,Adam,2.0630056415289553e-07,0.011943806258208775
constant,24_64_0.02,1701,Adam,2.0615064549201567e-07,0.011941636612545747
constant,24_64_0.02,1721,Adam,2.0602376844801862e-07,0.011939796605941983
constant,24_64_0.02,1741,Adam,2.0591537103572208e-07,0.011938221250169568
constant,24_64_0.02,1761,Adam,2.0582082131294181e-07,0.011936844206355619
constant,24_64_0.02,1781,Adam,2.057354198575037e-07,0.011935597778612288
constant,24_64_0.02,1800,Adam,2.056584240355423e-07,0.011934471801563094
constant,24_64_0.02,1810,LBFGS,2.056584240355423e-07,0.011934471801563094
constant,24_64_0.02,1820,LBFGS,2.056584240355423e-07,0.011934471801563094
constant,24_64_0.02,1830,LBFGS,2.056584240355423e-07,0.011934471801563094
constant,24_64_0.02,1840,LBFGS,2.056584240355423e-07,0.011934471801563094
constant,24_64_0.02,1850,LBFGS,2.056584240355423e-07,0.011934471801563094
constant,24_64_0.02,1860,LBFGS,2.056584240355423e-07,0.011934471801563094
constant,24_64_0.02,1870,LBFGS,2.056584240355423e-07,0.011934471801563094
constant,24_64_0.02,1880,LBFGS,2.056584240355423e-07,0.011934471801563094
constant,24_64_0.02,1890,LBFGS,2.056584240355423e-07,0.011934471801563094
constant,24_64_0.02,1900,LBFGS,2.056584240355423e-07,0.011934471801563094
constant,24_64_0.02,1910,LBFGS,2.056584240355423e-07,0.011934471801563094
constant,24_64_0.02,1920,LBFGS,2.056584240355423e-07,0.011934471801563094
constant,24_64_0.02,1930,LBFGS,2.056584240355423e-07,0.011934471801563094
constant,24_64_0.02,1940,LBFGS,2.056584240355423e-07,0.011934471801563094
constant,24_64_0.02,1950,LBFGS,2.056584240355423e-07,0.011934471801563094
constant,24_64_0.02,1960,LBFGS,2.056584240355423e-07,0.011934471801563094
constant,24_64_0.02,1970,LBFGS,2.056584240355423e-07,0.011934471801563094
constant,24_64_0.02,1980,LBFGS,2.056584240355423e-07,0.011934471801563094
constant,24_64_0.02,1990,LBFGS,2.056584240355423e-07,0.011934471801563094
constant,24_64_0.02,2000,LBFGS,2.056584240355423e-07,0.011934471801563094
constant,24_64_0.02,2010,LBFGS,2.056584240355423e-07,0.011934471801563094
constant,24_64_0.02,2020,LBFGS,2.056584240355423e-07,0.011934471801563094
constant,24_64_0.02,2030,LBFGS,2.056584240355423e-07,0.011934471801563094
constant,24_64_0.02,2040,LBFGS,2.056584240355423e-07,0.011934471801563094
constant,24_64_0.02,2050,LBFGS,2.056584240355423e-07,0.011934471801563094
constant,24_96_0.02,1,Adam,0.00027479143149452,0.1474694104351398
constant,24_96_0.02,21,Adam,1.74515504423641e-05,0.05819860543758708
constant,24_96_0.02,41,Adam,1.1560844232722419e-05,0.049266983996450436
constant,24_96_0.02,61,Adam,1.1264089387814846e-05,0.04711327399911605
constant,24_96_0.02,81,Adam,1.0633631506416968e-05,0.04719378283602496
constant,24_96_0.02,101,Adam,1.022646212408512e-05,0.04666777292651556
constant,24_96_0.02,121,Adam,9.763534769247423e-06,0.04577727427099321
constant,24_96_0.02,141,Adam,9.193612497213557e-06,0.044552303230540206
constant,24_96_0.02,161,Adam,8.475735982187967e-06,0.04295484261385331
constant,24_96_0.02,181,Adam,7.574758617067918e-06,0.04086381136920559
constant,24_96_0.02,201,Adam,6.477420975208929e-06,0.03813983311483266
constant,24_96_0.02,221,Adam,5.204025495952041e-06,0.03472003771166283
constant,24_96_0.02,241,Adam,3.830946864787713e-06,0.030604742169644976
constant,24_96_0.02,261,Adam,2.5222809184969377e-06,0.02600499321109246
constant,24_96_0.02,281,Adam,1.5001777518519838e-06,0.021543128442334823
constant,24_96_0.02,301,Adam,8.792854091784851e-07,0.017994427420352788
constant,24_96_0.02,321,Adam,5.790603674638992e-07,0.01569885351904192
constant,24_96_0.02,341,Adam,4.565698316099094e-07,0.014545221409228523
constant,24_96_0.02,361,Adam,4.03387796480276e-07,0.013947527817099889
constant,24_96_0.02,381,Adam,3.7149557666771655e-07,0.013547875304391884
constant,24_96_0.02,401,Adam,3.472804990376087e-07,0.01322266455477538
constant,24_96_0.02,421,Adam,3.276391902367773e-07,0.01294164578972372
constant,24_96_0.02,441,Adam,3.1139345064810885e-07,0.012696484657210967
constant,24_96_0.02,461,Adam,2.977939334987409e-07,0.012479737279475732
constant,24_96_0.02,481,Adam,2.866194442364308e-07,0.01228172982403504
constant,24_96_0.02,501,Adam,2.7847115302926735e-07,0.012121575480726706
constant,24_96_0.02,521,Adam,2.6812162784190704e-07,0.011951015014388899
constant,24_96_0.02,541,Adam,2.605972035259745e-07,0.011809283760096932
constant,24_96_0.02,561,Adam,2.539713440190282e-07,0.011678465260747721
constant,24_96_0.02,581,Adam,2.479767344578036e-07,0.01155906291874285
constant,24_96_0.02,601,Adam,2.4247012352632933e-07,0.011449722712128092
constant,24_96_0.02,621,Adam,2.3734012352913352e-07,0.011349088050594524
constant,24_96_0.02,641,Adam,2.3250080062772467e-07,0.011256180114056472
constant,24_96_0.02,661,Adam,2.278873034059072e-07,0.011170034173425176
constant,24_96_0.02,681,Adam,2.2345192742926564e-07,0.011089805660418381
constant,24_96_0.02,701,Adam,2.1916059424668643e-07,0.011014765131290669
constant,24_96_0.02,721,Adam,2.1498976358908318e-07,0.010944281428438788
constant,24_96_0.02,741,Adam,2.10923801474548e-07,0.010877822990700833
constant,24_96_0.02,761,Adam,2.0695281625130642e-07,0.010814946047521826
constant,24_96_0.02,781,Adam,2.0307094862417241e-07,0.01075528340247063
constant,24_96_0.02,801,Adam,1.992750757201874e-07,0.010698531843201416
constant,24_96_0.02,821,Adam,1.9556386896371514e-07,0.010644439338661158
constant,24_96_0.02,841,Adam,1.9193713587944664e-07,0.01059279362156503
constant,24_96_0.02,861,Adam,1.8839537661129404e-07,0.010543412969773668
constant,24_96_0.02,881,Adam,1.8493949420469947e-07,0.01049613945314257
constant,24_96_0.02,901,Adam,1.8157060991679221e-07,0.01045083445605024
constant,24_96_0.02,921,Adam,1.7828994756751357e-07,0.010407375967300344
constant,24_96_0.02,941,Adam,1.7509876192884088e-07,0.01036565704128295
constant,24_96_0.02,961,Adam,1.7199829442934711e-07,0.010325584866252046
constant,24_96_0.02,981,Adam,1.6898974514864915e-07,0.010287080013576377
constant,24_96_0.02,1001,Adam,1.6607425383759793e-07,0.010250075603006899
constant,24_96_0.02,1021,Adam,1.6325288522685667e-07,0.01021451626473947
constant,24_96_0.02,1041,Adam,1.6052661568573484e-07,0.010180356886677129
constant,24_96_0.02,1061,Adam,1.578963196365856e-07,0.010147561199905506
constant,24_96_0.02,1081,Adam,1.5536275512656583e-07,0.010116100283082314
constant,24_96_0.02,1101,Adam,1.529265486461251e-07,0.010085951068085927
constant,24_96_0.02,1121,Adam,1.5058817969190335e-07,0.010057094915872053
constant,24_96_0.02,1141,Adam,1.4834796574641716e-07,0.010029516311929923
constant,24_96_0.02,1161,Adam,1.4620604834819012e-07,0.01000320171091815
constant,24_96_0.02,1181,Adam,1.4416238081711867e-07,0.009978138543208228
constant,24_96_0.02,1201,Adam,1.4221671803643623e-07,0.00995431438337656
constant,24_96_0.02,1221,Adam,1.4036860851643846e-07,0.0099317162721235
constant,24_96_0.02,1241,Adam,1.3861738880313995e-07,0.009910330177993896
constant,24_96_0.02,1261,Adam,1.3696218016148625e-07,0.009890140582770345
constant,24_96_0.02,1281,Adam,1.354018873625875e-07,0.009871130173693364
constant,24_96_0.02,1301,Adam,1.339351993367659e-07,0.009853279626076471
constant,24_96_0.02,1321,Adam,1.32560591415051e-07,0.009836567460949996
constant,24_96_0.02,1341,Adam,1.3127632886596304e-07,0.009820969963765736
constant,24_96_0.02,1361,Adam,1.300804714368053e-07,0.00980646115172428
constant,24_96_0.02,1381,Adam,1.289708786245855e-07,0.009793012778832627
constant,24_96_0.02,1401,Adam,1.279452154271284e-07,0.00978059436929772
constant,24_96_0.02,1421,Adam,1.2700095835667651e-07,0.00976917327127755
constant,24_96_0.02,1441,Adam,1.2613540153363384e-07,0.009758714724330923
constant,24_96_0.02,1461,Adam,1.2534566271497194e-07,0.009749181935120676
constant,24_96_0.02,1481,Adam,1.2462868914842297e-07,0.009740536157028277
constant,24_96_0.02,1501,Adam,1.2398126317857522e-07,0.009732736770331162
constant,24_96_0.02,1521,Adam,1.2340000756326042e-07,0.009725741360473857
constant,24_96_0.02,1541,Adam,1.2288139048736935e-07,0.009719505792734645
constant,24_96_0.02,1561,Adam,1.224217302858818e-07,0.009713984282253438
constant,24_96_0.02,1581,Adam,1.2201719990810705e-07,0.009709129458950328
constant,24_96_0.02,1601,Adam,1.2166383117076498e-07,0.009704892427336324
constant,24_96_0.02,1621,Adam,1.213575188586509e-07,0.009701222821610326
constant,24_96_0.02,1641,Adam,1.2109402473843448e-07,0.009698068856763713
constant,24_96_0.02,1661,Adam,1.2086898155401922e-07,0.009695377376694285
constant,24_96_0.02,1681,Adam,1.206778970712995e-07,0.009693093900586716
constant,24_96_0.02,1701,Adam,1.2051615823669887e-07,0.00969116266907521
constant,24_96_0.02,1721,Adam,1.203790355081857e-07,0.009689526692001444
constant,24_96_0.02,1741,Adam,1.2026168741026075e-07,0.009688127799956701
constant,24_96_0.02,1761,Adam,1.201591653564131e-07,0.009686906702288257
constant,24_96_0.02,1781,Adam,1.2006641877447528e-07,0.00968580305482596
constant,24_96_0.02,1800,Adam,1.1998267705536955e-07,0.00968480754033393
constant,24_96_0.02,1810,LBFGS,1.1998267705536955e-07,0.00968480754033393
constant,24_96_0.02,1820,LBFGS,1.1998267705536955e-07,0.00968480754033393
constant,24_96_0.02,1830,LBFGS,1.1998267705536955e-07,0.00968480754033393
constant,24_96_0.02,1840,LBFGS,1.1998267705536955e-07,0.00968480754033393
constant,24_96_0.02,1850,LBFGS,1.1998267705536955e-07,0.00968480754033393
constant,24_96_0.02,1860,LBFGS,1.1998267705536955e-07,0.00968480754033393
constant,24_96_0.02,1870,LBFGS,1.1998267705536955e-07,0.00968480754033393
constant,24_96_0.02,1880,LBFGS,1.1998267705536955e-07,0.00968480754033393
constant,24_96_0.02,1890,LBFGS,1.1998267705536955e-07,0.00968480754033393
constant,24_96_0.02,1900,LBFGS,1.1998267705536955e-07,0.00968480754033393
constant,24_96_0.02,1910,LBFGS,1.1998267705536955e-07,0.00968480754033393
constant,24_96_0.02,1920,LBFGS,1.1998267705536955e-07,0.00968480754033393
constant,24_96_0.02,1930,LBFGS,1.1998267705536955e-07,0.00968480754033393
constant,24_96_0.02,1940,LBFGS,1.1998267705536955e-07,0.00968480754033393
constant,24_96_0.02,1950,LBFGS,1.1998267705536955e-07,0.00968480754033393
constant,24_96_0.02,1960,LBFGS,1.1998267705536955e-07,0.00968480754033393
constant,24_96_0.02,1970,LBFGS,1.1998267705536955e-07,0.00968480754033393
constant,24_96_0.02,1980,LBFGS,1.1998267705536955e-07,0.00968480754033393
constant,24_96_0.02,1990,LBFGS,1.1998267705536955e-07,0.00968480754033393
constant,24_96_0.02,2000,LBFGS,1.1998267705536955e-07,0.00968480754033393
constant,24_96_0.02,2010,LBFGS,1.1998267705536955e-07,0.00968480754033393
constant,24_96_0.02,2020,LBFGS,1.1998267705536955e-07,0.00968480754033393
constant,24_96_0.02,2030,LBFGS,1.1998267705536955e-07,0.00968480754033393
constant,24_96_0.02,2040,LBFGS,1.1998267705536955e-07,0.00968480754033393
constant,24_96_0.02,2050,LBFGS,1.1998267705536955e-07,0.00968480754033393
constant,selected_seed_17,1,Adam,0.00026525482703975144,0.14475536499833686
constant,selected_seed_17,21,Adam,1.490314152572196e-05,0.056874558303426415
constant,selected_seed_17,41,Adam,1.1931771704483883e-05,0.050746713156628695
constant,selected_seed_17,61,Adam,1.0939593684794683e-05,0.04707133833151017
constant,selected_seed_17,81,Adam,1.0376996463648512e-05,0.046736179465049
constant,selected_seed_17,101,Adam,9.898832279360909e-06,0.04601439989290508
constant,selected_seed_17,121,Adam,9.37218989416279e-06,0.04494702489671936
constant,selected_seed_17,141,Adam,8.676387694383722e-06,0.04340138732645936
constant,selected_seed_17,161,Adam,7.669057023953863e-06,0.04106314672719473
constant,selected_seed_17,181,Adam,6.268989420481167e-06,0.03764739611757954
constant,selected_seed_17,201,Adam,4.648146285648648e-06,0.033250305233643154
constant,selected_seed_17,221,Adam,3.1408379650330568e-06,0.028425777548806097
constant,selected_seed_17,241,Adam,1.9896062375952973e-06,0.023911907172887808
constant,selected_seed_17,261,Adam,1.263818301800606e-06,0.0204064936992835
constant,selected_seed_17,281,Adam,8.768348267837518e-07,0.018279312131655408
constant,selected_seed_17,301,Adam,6.858886732644367e-07,0.01722800213489773
constant,selected_seed_17,321,Adam,5.834012515513881e-07,0.016637208135792215
constant,selected_seed_17,341,Adam,5.154492394217584e-07,0.016164266649704266
constant,selected_seed_17,361,Adam,4.618046453519437e-07,0.015705309943308852
constant,selected_seed_17,381,Adam,4.1700108391893567e-07,0.015284184227111355
constant,selected_seed_17,401,Adam,3.7882611855141915e-07,0.014928025161184832
constant,selected_seed_17,421,Adam,3.4552263188574537e-07,0.014603486721356647
constant,selected_seed_17,441,Adam,3.1601490175507834e-07,0.014312453176486491
constant,selected_seed_17,461,Adam,2.8994410264307257e-07,0.014060343877584258
constant,selected_seed_17,481,Adam,2.672919175081009e-07,0.0138400190450516
constant,selected_seed_17,501,Adam,2.4785178284631963e-07,0.013643638872541908
constant,selected_seed_17,521,Adam,2.3119904201523404e-07,0.01346613694930231
constant,selected_seed_17,541,Adam,2.5719245164182295e-07,0.013328140736569164
constant,selected_seed_17,561,Adam,2.0488472895559474e-07,0.013163006050408295
constant,selected_seed_17,581,Adam,1.9395318719787566e-07,0.013030224218767393
constant,selected_seed_17,601,Adam,1.8398560917218965e-07,0.012903975771359686
constant,selected_seed_17,621,Adam,1.7528622205524924e-07,0.01278795501960263
constant,selected_seed_17,641,Adam,1.6746563008251023e-07,0.012681035039627607
constant,selected_seed_17,661,Adam,1.6033607392835567e-07,0.012581815581964906
constant,selected_seed_17,681,Adam,1.5378604955094384e-07,0.012489382600711002
constant,selected_seed_17,701,Adam,1.4773128485926965e-07,0.012403092656453034
constant,selected_seed_17,721,Adam,1.4210577206556957e-07,0.012322445312012348
constant,selected_seed_17,741,Adam,1.3685738865267306e-07,0.012247016188773227
constant,selected_seed_17,761,Adam,1.319445717590043e-07,0.012176436457184343
constant,selected_seed_17,781,Adam,1.273338000570645e-07,0.012110383065561454
constant,selected_seed_17,801,Adam,1.2299769882476698e-07,0.012048569982643718
constant,selected_seed_17,821,Adam,1.1891361346394946e-07,0.011990741916388617
constant,selected_seed_17,841,Adam,1.1506253302596897e-07,0.011936669436232287
constant,selected_seed_17,861,Adam,1.1142827560893184e-07,0.011886142377077087
constant,selected_seed_17,881,Adam,1.0799687012604164e-07,0.01183896577377838
constant,selected_seed_17,901,Adam,1.0475608582353222e-07,0.011794956350649725
constant,selected_seed_17,921,Adam,1.0169507331506836e-07,0.011753940112242397
constant,selected_seed_17,941,Adam,9.880409001662264e-08,0.011715750694638932
constant,selected_seed_17,961,Adam,9.60742896147962e-08,0.011680228342972452
constant,selected_seed_17,981,Adam,9.349756022649403e-08,0.011647219346399076
constant,selected_seed_17,1001,Adam,9.106639966380791e-08,0.011616575786409549
constant,selected_seed_17,1021,Adam,8.877381903094188e-08,0.011588155482414122
constant,selected_seed_17,1041,Adam,8.661326798828617e-08,0.011561822046311876
constant,selected_seed_17,1061,Adam,8.457857659963505e-08,0.011537444981489826
constant,selected_seed_17,1081,Adam,8.266390986561274e-08,0.011514899782420008
constant,selected_seed_17,1101,Adam,8.086373194060661e-08,0.011494068006953587
constant,selected_seed_17,1121,Adam,7.917277770791497e-08,0.011474837305623693
constant,selected_seed_17,1141,Adam,7.758602990514367e-08,0.011457101401058345
constant,selected_seed_17,1161,Adam,7.609870039093908e-08,0.011440760016660225
constant,selected_seed_17,1181,Adam,7.470621445533274e-08,0.011425718757631733
constant,selected_seed_17,1201,Adam,7.340419732122187e-08,0.011411888949743721
constant,selected_seed_17,1221,Adam,7.218846217942664e-08,0.011399187442408754
constant,selected_seed_17,1241,Adam,7.105499925560068e-08,0.011387536382975681
constant,selected_seed_17,1261,Adam,6.999996553211517e-08,0.011376862968986386
constant,selected_seed_17,1281,Adam,6.901967484792294e-08,0.011367099184627942
constant,selected_seed_17,1301,Adam,6.811058817894604e-08,0.011358181526924568
constant,selected_seed_17,1321,Adam,6.726930396438313e-08,0.011350050726448688
constant,selected_seed_17,1341,Adam,6.649254839352466e-08,0.011342651466558999
constant,selected_seed_17,1361,Adam,6.577716560571723e-08,0.011335932104444182
constant,selected_seed_17,1381,Adam,6.51201077852324e-08,0.011329844396590929
constant,selected_seed_17,1401,Adam,6.451842515479314e-08,0.01132434323071882
constant,selected_seed_17,1421,Adam,6.396925588801275e-08,0.011319386365738801
constant,selected_seed_17,1441,Adam,6.346981597331482e-08,0.011314934180894689
constant,selected_seed_17,1461,Adam,6.301738907114436e-08,0.011310949434935023
constant,selected_seed_17,1481,Adam,6.26093164133411e-08,0.011307397035928098
constant,selected_seed_17,1501,Adam,6.224298679913077e-08,0.011304243822167838
constant,selected_seed_17,1521,Adam,6.191582674683802e-08,0.011301458354514276
constant,selected_seed_17,1541,Adam,6.162529086452684e-08,0.011299010720462709
constant,selected_seed_17,1561,Adam,6.13688525065975e-08,0.011296872350226899
constant,selected_seed_17,1581,Adam,6.114399478707216e-08,0.011295015845153168
constant,selected_seed_17,1601,Adam,6.094820202395855e-08,0.011293414818836705
constant,selected_seed_17,1621,Adam,6.077895169268595e-08,0.01129204375138626
constant,selected_seed_17,1641,Adam,6.06337069701019e-08,0.011290877857361634
constant,selected_seed_17,1661,Adam,6.05099099537931e-08,0.011289892967980563
constant,selected_seed_17,1681,Adam,6.04049756444164e-08,0.011289065428236785
constant,selected_seed_17,1701,Adam,6.031628678110414e-08,0.011288372009580905
constant,selected_seed_17,1721,Adam,6.024118962170057e-08,0.011287789838782801
constant,selected_seed_17,1741,Adam,6.017699076036935e-08,0.011287296343550595
constant,selected_seed_17,1761,Adam,6.01209550748192e-08,0.011286869215497698
constant,selected_seed_17,1781,Adam,6.007030489384905e-08,0.011286486391216361
constant,selected_seed_17,1800,Adam,6.002460775148268e-08,0.011286143869258579
constant,selected_seed_17,1810,LBFGS,6.002460775148268e-08,0.011286143869258579
constant,selected_seed_17,1820,LBFGS,6.002460775148268e-08,0.011286143869258579
constant,selected_seed_17,1830,LBFGS,6.002460775148268e-08,0.011286143869258579
constant,selected_seed_17,1840,LBFGS,6.002460775148268e-08,0.011286143869258579
constant,selected_seed_17,1850,LBFGS,6.002460775148268e-08,0.011286143869258579
constant,selected_seed_17,1860,LBFGS,6.002460775148268e-08,0.011286143869258579
constant,selected_seed_17,1870,LBFGS,6.002460775148268e-08,0.011286143869258579
constant,selected_seed_17,1880,LBFGS,6.002460775148268e-08,0.011286143869258579
constant,selected_seed_17,1890,LBFGS,6.002460775148268e-08,0.011286143869258579
constant,selected_seed_17,1900,LBFGS,6.002460775148268e-08,0.011286143869258579
constant,selected_seed_17,1910,LBFGS,6.002460775148268e-08,0.011286143869258579
constant,selected_seed_17,1920,LBFGS,6.002460775148268e-08,0.011286143869258579
constant,selected_seed_17,1930,LBFGS,6.002460775148268e-08,0.011286143869258579
constant,selected_seed_17,1940,LBFGS,6.002460775148268e-08,0.011286143869258579
constant,selected_seed_17,1950,LBFGS,6.002460775148268e-08,0.011286143869258579
constant,selected_seed_17,1960,LBFGS,6.002460775148268e-08,0.011286143869258579
constant,selected_seed_17,1970,LBFGS,6.002460775148268e-08,0.011286143869258579
constant,selected_seed_17,1980,LBFGS,6.002460775148268e-08,0.011286143869258579
constant,selected_seed_17,1990,LBFGS,6.002460775148268e-08,0.011286143869258579
constant,selected_seed_17,2000,LBFGS,6.002460775148268e-08,0.011286143869258579
constant,selected_seed_17,2010,LBFGS,6.002460775148268e-08,0.011286143869258579
constant,selected_seed_17,2020,LBFGS,6.002460775148268e-08,0.011286143869258579
constant,selected_seed_17,2030,LBFGS,6.002460775148268e-08,0.011286143869258579
constant,selected_seed_17,2040,LBFGS,6.002460775148268e-08,0.011286143869258579
constant,selected_seed_17,2050,LBFGS,6.002460775148268e-08,0.011286143869258579
constant,selected_seed_27,1,Adam,0.00031530227268268394,0.15616342412873466
constant,selected_seed_27,21,Adam,2.7752395082534174e-05,0.06544764696259514
constant,selected_seed_27,41,Adam,1.1000780489277056e-05,0.04723426325339478
constant,selected_seed_27,61,Adam,1.0757258469508802e-05,0.04676957018120705
constant,selected_seed_27,81,Adam,1.0132940896708818e-05,0.04704277525070841
constant,selected_seed_27,101,Adam,9.785591053384992e-06,0.04622229186481411
constant,selected_seed_27,121,Adam,9.388290720889583e-06,0.04525044440779572
constant,selected_seed_27,141,Adam,8.912399068787622e-06,0.044145398719216015
constant,selected_seed_27,161,Adam,8.303269276398442e-06,0.04272396925426903
constant,selected_seed_27,181,Adam,7.491982660034476e-06,0.040796619865864275
constant,selected_seed_27,201,Adam,6.409524855003225e-06,0.038122766110582795
constant,selected_seed_27,221,Adam,5.062209896549838e-06,0.034546459623128335
constant,selected_seed_27,241,Adam,3.6083080903143417e-06,0.030185507363034596
constant,selected_seed_27,261,Adam,2.3104760990919937e-06,0.02551056059913475
constant,selected_seed_27,281,Adam,1.3811996097015124e-06,0.021268510056011825
constant,selected_seed_27,301,Adam,8.564141610857559e-07,0.018198905369968665
constant,selected_seed_27,321,Adam,6.141936786666922e-07,0.016529277722086354
constant,selected_seed_27,341,Adam,5.071977431997068e-07,0.015739390916596298
constant,selected_seed_27,361,Adam,4.4965064886154784e-07,0.015250730071476506
constant,selected_seed_27,381,Adam,4.107650711743307e-07,0.014855270537549235
constant,selected_seed_27,401,Adam,3.8162768160334285e-07,0.014522603840297415
constant,selected_seed_27,421,Adam,3.5866307352803424e-07,0.014237694054554027
constant,selected_seed_27,441,Adam,3.3990343489175203e-07,0.013984160127056618
constant,selected_seed_27,461,Adam,3.2410905271375974e-07,0.013755134379822067
constant,selected_seed_27,481,Adam,3.104371657964645e-07,0.01354762780094513
constant,selected_seed_27,501,Adam,2.982969834508501e-07,0.01335833969868562
constant,selected_seed_27,521,Adam,2.8726916140844583e-07,0.013184307917995599
constant,selected_seed_27,541,Adam,2.7705470448747193e-07,0.01302307685703622
constant,selected_seed_27,561,Adam,2.6744105025219947e-07,0.012872474755470046
constant,selected_seed_27,581,Adam,2.5828021916651626e-07,0.012730637853727873
constant,selected_seed_27,601,Adam,2.494751850317284e-07,0.012596082333113148
constant,selected_seed_27,621,Adam,2.4097054049897876e-07,0.012467730230793332
constant,selected_seed_27,641,Adam,2.3274401177982546e-07,0.012344884070166196
constant,selected_seed_27,661,Adam,2.2479694457781618e-07,0.01222715437822264
constant,selected_seed_27,681,Adam,2.1714381366716385e-07,0.012114358744929575
constant,selected_seed_27,701,Adam,2.0980225563998597e-07,0.01200641796188365
constant,selected_seed_27,721,Adam,2.0278557524986823e-07,0.011903272838657431
constant,selected_seed_27,741,Adam,1.960989485816431e-07,0.011804836815111734
constant,selected_seed_27,761,Adam,1.8973913450807713e-07,0.011710984661146792
constant,selected_seed_27,781,Adam,1.8369639140935196e-07,0.011621564289782874
constant,selected_seed_27,801,Adam,1.7795708275058357e-07,0.011536415291590305
constant,selected_seed_27,821,Adam,1.7250594784255277e-07,0.01145538322286758
constant,selected_seed_27,841,Adam,1.6732765308219905e-07,0.011378326247120386
constant,selected_seed_27,861,Adam,1.624076590171409e-07,0.011305115561532
constant,selected_seed_27,881,Adam,1.577325955401597e-07,0.011235632462400056
constant,selected_seed_27,901,Adam,1.5329033891558759e-07,0.011169764403114901
constant,selected_seed_27,921,Adam,1.4906993288967914e-07,0.011107401411090258
constant,selected_seed_27,941,Adam,1.4506144352708817e-07,0.011048433434328766
constant,selected_seed_27,961,Adam,1.4125579865306257e-07,0.010992748715558205
constant,selected_seed_27,981,Adam,1.376446377258072e-07,0.010940233065362084
constant,selected_seed_27,1001,Adam,1.342201829550199e-07,0.010890769824659278
constant,selected_seed_27,1021,Adam,1.3097513414363654e-07,0.010844240300531514
constant,selected_seed_27,1041,Adam,1.2790258558817307e-07,0.010800524486930306
constant,selected_seed_27,1061,Adam,1.249959617178588e-07,0.010759501921316202
constant,selected_seed_27,1081,Adam,1.2224896784310974e-07,0.01072105256846561
constant,selected_seed_27,1101,Adam,1.1965555270343094e-07,0.010685057658087041
constant,selected_seed_27,1121,Adam,1.1720988004274814e-07,0.010651400431443652
constant,selected_seed_27,1141,Adam,1.1490630698936149e-07,0.010619966773700272
constant,selected_seed_27,1161,Adam,1.1273936749366546e-07,0.010590645723969856
constant,selected_seed_27,1181,Adam,1.1070375945976775e-07,0.010563329865177145
constant,selected_seed_27,1201,Adam,1.0879433450604637e-07,0.010537915602076453
constant,selected_seed_27,1221,Adam,1.0700608952193988e-07,0.010514303339119953
constant,selected_seed_27,1241,Adam,1.0533415937084637e-07,0.010492397571249238
constant,selected_seed_27,1261,Adam,1.0377381023507995e-07,0.010472106900755698
constant,selected_seed_27,1281,Adam,1.0232043321771366e-07,0.01045334399262821
constant,selected_seed_27,1301,Adam,1.0096953791399847e-07,0.010436025479643368
constant,selected_seed_27,1321,Adam,9.971674574600196e-08,0.010420071827096943
constant,selected_seed_27,1341,Adam,9.855778292103252e-08,0.010405407165690852
constant,selected_seed_27,1361,Adam,9.748847292939597e-08,0.010391959099774752
constant,selected_seed_27,1381,Adam,9.65047285419037e-08,0.010379658496952037
constant,selected_seed_27,1401,Adam,9.560254330378762e-08,0.010368439264021152
constant,selected_seed_27,1421,Adam,9.477798255069473e-08,0.010358238113342369
constant,selected_seed_27,1441,Adam,9.402717399547657e-08,0.010348994322990844
constant,selected_seed_27,1461,Adam,9.33462979526654e-08,0.010340649493467705
constant,selected_seed_27,1481,Adam,9.273157728180674e-08,0.010333147303278157
constant,selected_seed_27,1501,Adam,9.217926714203118e-08,0.010326433265333102
constant,selected_seed_27,1521,Adam,9.168564465907948e-08,0.010320454485876832
constant,selected_seed_27,1541,Adam,9.124699861297571e-08,0.01031515942747705
constant,selected_seed_27,1561,Adam,9.085961926013089e-08,0.010310497677527545
constant,selected_seed_27,1581,Adam,9.051978840812897e-08,0.010306419723707343
constant,selected_seed_27,1601,Adam,9.022376986505916e-08,0.01030287673791263
constant,selected_seed_27,1621,Adam,8.996780038812367e-08,0.01029982037033538
constant,selected_seed_27,1641,Adam,8.974808125846962e-08,0.010297202555606823
constant,selected_seed_27,1661,Adam,8.956077061078775e-08,0.010294975333251336
constant,selected_seed_27,1681,Adam,8.940197664717993e-08,0.010293090685080337
constant,selected_seed_27,1701,Adam,8.926775186509857e-08,0.010291500392539777
constant,selected_seed_27,1721,Adam,8.915408842874297e-08,0.01029015591730703
constant,selected_seed_27,1741,Adam,8.905691481211066e-08,0.010289008308479198
constant,selected_seed_27,1761,Adam,8.897209383987069e-08,0.010288008139367881
constant,selected_seed_27,1781,Adam,8.889542224929519e-08,0.010287105476038226
constant,selected_seed_27,1800,Adam,8.882624583559326e-08,0.010286292324214597
constant,selected_seed_27,1810,LBFGS,8.882624583559326e-08,0.010286292324214597
constant,selected_seed_27,1820,LBFGS,8.882624583559326e-08,0.010286292324214597
constant,selected_seed_27,1830,LBFGS,8.882624583559326e-08,0.010286292324214597
constant,selected_seed_27,1840,LBFGS,8.882624583559326e-08,0.010286292324214597
constant,selected_seed_27,1850,LBFGS,8.882624583559326e-08,0.010286292324214597
constant,selected_seed_27,1860,LBFGS,8.882624583559326e-08,0.010286292324214597
constant,selected_seed_27,1870,LBFGS,8.882624583559326e-08,0.010286292324214597
constant,selected_seed_27,1880,LBFGS,8.882624583559326e-08,0.010286292324214597
constant,selected_seed_27,1890,LBFGS,8.882624583559326e-08,0.010286292324214597
constant,selected_seed_27,1900,LBFGS,8.882624583559326e-08,0.010286292324214597
constant,selected_seed_27,1910,LBFGS,8.882624583559326e-08,0.010286292324214597
constant,selected_seed_27,1920,LBFGS,8.882624583559326e-08,0.010286292324214597
constant,selected_seed_27,1930,LBFGS,8.882624583559326e-08,0.010286292324214597
constant,selected_seed_27,1940,LBFGS,8.882624583559326e-08,0.010286292324214597
constant,selected_seed_27,1950,LBFGS,8.882624583559326e-08,0.010286292324214597
constant,selected_seed_27,1960,LBFGS,8.882624583559326e-08,0.010286292324214597
constant,selected_seed_27,1970,LBFGS,8.882624583559326e-08,0.010286292324214597
constant,selected_seed_27,1980,LBFGS,8.882624583559326e-08,0.010286292324214597
constant,selected_seed_27,1990,LBFGS,8.882624583559326e-08,0.010286292324214597
constant,selected_seed_27,2000,LBFGS,8.882624583559326e-08,0.010286292324214597
constant,selected_seed_27,2010,LBFGS,8.882624583559326e-08,0.010286292324214597
constant,selected_seed_27,2020,LBFGS,8.882624583559326e-08,0.010286292324214597
constant,selected_seed_27,2030,LBFGS,8.882624583559326e-08,0.010286292324214597
constant,selected_seed_27,2040,LBFGS,8.882624583559326e-08,0.010286292324214597
constant,selected_seed_27,2050,LBFGS,8.882624583559326e-08,0.010286292324214597
diverse,12_64_0.0,1,Adam,0.0004646099927490913,0.23837189789071012
diverse,12_64_0.0,21,Adam,6.689360851799059e-05,0.12848850902266631
diverse,12_64_0.0,41,Adam,2.5702400673059203e-05,0.11730129406465933
diverse,12_64_0.0,61,Adam,1.3076700712654873e-05,0.10486779820623546
diverse,12_64_0.0,81,Adam,9.312074847254205e-06,0.10109112155045041
diverse,12_64_0.0,101,Adam,7.726076813765874e-06,0.0998489740831425
diverse,12_64_0.0,121,Adam,6.812992696433072e-06,0.09927802535327991
diverse,12_64_0.0,141,Adam,6.039611513066126e-06,0.09913025100435377
diverse,12_64_0.0,161,Adam,5.3633319981592864e-06,0.09901356795432377
diverse,12_64_0.0,181,Adam,4.776736713962111e-06,0.09884652748765832
diverse,12_64_0.0,201,Adam,4.2748261610229915e-06,0.09866477617028183
diverse,12_64_0.0,221,Adam,3.843902578019749e-06,0.09849527833012492
diverse,12_64_0.0,241,Adam,3.4660232018443717e-06,0.09837365334989662
diverse,12_64_0.0,261,Adam,3.127926604162959e-06,0.09831046669640728
diverse,12_64_0.0,281,Adam,2.8229759356353e-06,0.09830057544791501
diverse,12_64_0.0,301,Adam,2.548466907904562e-06,0.09832643574066602
diverse,12_64_0.0,321,Adam,2.3032644079236113e-06,0.09836702656820961
diverse,12_64_0.0,341,Adam,2.0868027003281606e-06,0.09840529063039545
diverse,12_64_0.0,361,Adam,1.8985911578598574e-06,0.09843101943925897
diverse,12_64_0.0,381,Adam,1.7377202183062e-06,0.09844035901254361
diverse,12_64_0.0,401,Adam,1.6024348523648433e-06,0.09843388490790328
diverse,12_64_0.0,421,Adam,1.490000819060443e-06,0.09841476935420213
diverse,12_64_0.0,441,Adam,1.3969426590667843e-06,0.09838749081167456
diverse,12_64_0.0,461,Adam,1.3195197092421736e-06,0.09835697681571809
diverse,12_64_0.0,481,Adam,1.2542095838991877e-06,0.09832797011576425
diverse,12_64_0.0,501,Adam,1.1980269045199262e-06,0.09830453033743872
diverse,12_64_0.0,521,Adam,1.148633864236059e-06,0.09828968934551424
diverse,12_64_0.0,541,Adam,1.1042966513342214e-06,0.09828530117222001
diverse,12_64_0.0,561,Adam,1.0637697028352891e-06,0.09829208647634502
diverse,12_64_0.0,581,Adam,1.0261699254415761e-06,0.09830982266992244
diverse,12_64_0.0,601,Adam,9.90871287629069e-07,0.09833760714874333
diverse,12_64_0.0,621,Adam,9.574270732487433e-07,0.0983741265792426
diverse,12_64_0.0,641,Adam,9.255161253105754e-07,0.09841788752805364
diverse,12_64_0.0,661,Adam,8.949065622142732e-07,0.0984673885101976
diverse,12_64_0.0,681,Adam,8.654311944923466e-07,0.09852123225269746
diverse,12_64_0.0,701,Adam,8.369705107229559e-07,0.09857818746026985
diverse,12_64_0.0,721,Adam,8.09440546750588e-07,0.09863721312312326
diverse,12_64_0.0,741,Adam,7.82783961118778e-07,0.09869745798608337
diverse,12_64_0.0,761,Adam,7.569632779765508e-07,0.09875824544003318
diverse,12_64_0.0,781,Adam,7.319556484120362e-07,0.09881905127048646
diverse,12_64_0.0,801,Adam,7.07748718449179e-07,0.0988794791638336
diverse,12_64_0.0,821,Adam,6.843373378446087e-07,0.098939236905907
diverse,12_64_0.0,841,Adam,6.617209340156861e-07,0.09899811482346069
diverse,12_64_0.0,861,Adam,6.39901430714426e-07,0.09905596711943157
diverse,12_64_0.0,881,Adam,6.188816241517374e-07,0.09911269621334223
diverse,12_64_0.0,901,Adam,5.986639484399313e-07,0.09916823990626467
diverse,12_64_0.0,921,Adam,5.792495730484464e-07,0.09922256105665446
diverse,12_64_0.0,941,Adam,5.606377812377223e-07,0.09927563941481841
diverse,12_64_0.0,961,Adam,5.428255826035978e-07,0.09932746527617972
diverse,12_64_0.0,981,Adam,5.258075163961214e-07,0.09937803464905136
diverse,12_64_0.0,1001,Adam,5.095756059238694e-07,0.09942734567492019
diverse,12_64_0.0,1021,Adam,4.941194283861187e-07,0.09947539607964986
diverse,12_64_0.0,1041,Adam,4.794262688654968e-07,0.09952218146884968
diverse,12_64_0.0,1061,Adam,4.6548133179043386e-07,0.09956769430916987
diverse,12_64_0.0,1081,Adam,4.522679877214313e-07,0.09961192346018552
diverse,12_64_0.0,1101,Adam,4.3976803762680623e-07,0.09965485414010028
diverse,12_64_0.0,1121,Adam,4.279619807399951e-07,0.09969646822403613
diverse,12_64_0.0,1141,Adam,4.1682927553831625e-07,0.09973674478722422
diverse,12_64_0.0,1161,Adam,4.063485863130839e-07,0.09977566081770636
diverse,12_64_0.0,1181,Adam,3.964980102174218e-07,0.09981319203459973
diverse,12_64_0.0,1201,Adam,3.8725528161518893e-07,0.0998493137587462
diverse,12_64_0.0,1221,Adam,3.7859795206430404e-07,0.09988400179266296
diverse,12_64_0.0,1241,Adam,3.7050354541060296e-07,0.09991723327605895
diverse,12_64_0.0,1261,Adam,3.6294968830551376e-07,0.09994898749166797
diverse,12_64_0.0,1281,Adam,3.559142170500276e-07,0.09997924660367549
diverse,12_64_0.0,1301,Adam,3.493752620606298e-07,0.10000799631751656
diverse,12_64_0.0,1321,Adam,3.4331131149489225e-07,0.10003522645526561
diverse,12_64_0.0,1341,Adam,3.3770125570306637e-07,0.10006093144524478
diverse,12_64_0.0,1361,Adam,3.325244142183376e-07,0.1000851107278999
diverse,12_64_0.0,1381,Adam,3.2776054698742007e-07,0.10010776908251079
diverse,12_64_0.0,1401,Adam,3.2338985149472534e-07,0.10012891688102404
diverse,12_64_0.0,1421,Adam,3.193929473628126e-07,0.10014857027633205
diverse,12_64_0.0,1441,Adam,3.157508499310227e-07,0.10016675133279483
diverse,12_64_0.0,1461,Adam,3.1244493423180175e-07,0.10018348810682588
diverse,12_64_0.0,1481,Adam,3.0945689070669697e-07,0.10019881468505207
diverse,12_64_0.0,1501,Adam,3.0676867393567737e-07,0.10021277118700839
diverse,12_64_0.0,1521,Adam,3.04362445597375e-07,0.10022540373863253
diverse,12_64_0.0,1541,Adam,3.0222051283566896e-07,0.10023676442205029
diverse,12_64_0.0,1561,Adam,3.003252631806582e-07,0.1002469112063582
diverse,12_64_0.0,1581,Adam,2.9865909715947455e-07,0.10025590786335553
diverse,12_64_0.0,1601,Adam,2.9720435973406683e-07,0.10026382387149113
diverse,12_64_0.0,1621,Adam,2.9594327171793205e-07,0.10027073431069555
diverse,12_64_0.0,1641,Adam,2.948578623503562e-07,0.10027671975027462
diverse,12_64_0.0,1661,Adam,2.939299042431222e-07,0.10028186613165822
diverse,12_64_0.0,1681,Adam,2.9314085195874416e-07,0.10028626464752163
diverse,12_64_0.0,1701,Adam,2.924717855285895e-07,0.10029001161862648
diverse,12_64_0.0,1721,Adam,2.9190336027118133e-07,0.10029320836965139
diverse,12_64_0.0,1741,Adam,2.9141576432265744e-07,0.10029596110527836
diverse,12_64_0.0,1761,Adam,2.9098868533995607e-07,0.1002983807878316
diverse,12_64_0.0,1781,Adam,2.9060128787979965e-07,0.10030058301777176
diverse,12_64_0.0,1800,Adam,2.902505582613137e-07,0.10030258307996665
diverse,12_64_0.0,1810,LBFGS,1.1042966513342214e-06,0.09828530117222001
diverse,12_64_0.0,1820,LBFGS,1.1042966513342214e-06,0.09828530117222001
diverse,12_64_0.0,1830,LBFGS,1.1042966513342214e-06,0.09828530117222001
diverse,12_64_0.0,1840,LBFGS,1.1042966513342214e-06,0.09828530117222001
diverse,12_64_0.0,1850,LBFGS,1.1042966513342214e-06,0.09828530117222001
diverse,12_64_0.0,1860,LBFGS,1.1042966513342214e-06,0.09828530117222001
diverse,12_64_0.0,1870,LBFGS,1.1042966513342214e-06,0.09828530117222001
diverse,12_64_0.0,1880,LBFGS,1.1042966513342214e-06,0.09828530117222001
diverse,12_64_0.0,1890,LBFGS,1.1042966513342214e-06,0.09828530117222001
diverse,12_64_0.0,1900,LBFGS,1.1042966513342214e-06,0.09828530117222001
diverse,12_64_0.0,1910,LBFGS,1.1042966513342214e-06,0.09828530117222001
diverse,12_64_0.0,1920,LBFGS,1.1042966513342214e-06,0.09828530117222001
diverse,12_64_0.0,1930,LBFGS,1.1042966513342214e-06,0.09828530117222001
diverse,12_64_0.0,1940,LBFGS,1.1042966513342214e-06,0.09828530117222001
diverse,12_64_0.0,1950,LBFGS,1.1042966513342214e-06,0.09828530117222001
diverse,12_64_0.0,1960,LBFGS,1.1042966513342214e-06,0.09828530117222001
diverse,12_64_0.0,1970,LBFGS,1.1042966513342214e-06,0.09828530117222001
diverse,12_64_0.0,1980,LBFGS,1.1042966513342214e-06,0.09828530117222001
diverse,12_64_0.0,1990,LBFGS,1.1042966513342214e-06,0.09828530117222001
diverse,12_64_0.0,2000,LBFGS,1.1042966513342214e-06,0.09828530117222001
diverse,12_64_0.0,2010,LBFGS,1.1042966513342214e-06,0.09828530117222001
diverse,12_64_0.0,2020,LBFGS,1.1042966513342214e-06,0.09828530117222001
diverse,12_64_0.0,2030,LBFGS,1.1042966513342214e-06,0.09828530117222001
diverse,12_64_0.0,2040,LBFGS,1.1042966513342214e-06,0.09828530117222001
diverse,12_64_0.0,2050,LBFGS,1.1042966513342214e-06,0.09828530117222001
diverse,24_64_0.02,1,Adam,0.0005052717203428663,0.24003290981622644
diverse,24_64_0.02,21,Adam,7.536704582373018e-05,0.12798261170016717
diverse,24_64_0.02,41,Adam,2.7681636712730545e-05,0.11300197276369905
diverse,24_64_0.02,61,Adam,1.4097795085655599e-05,0.1005982912610086
diverse,24_64_0.02,81,Adam,1.025527557548908e-05,0.09775316151278274
diverse,24_64_0.02,101,Adam,8.635303905393863e-06,0.0966856425754222
diverse,24_64_0.02,121,Adam,7.66049323939892e-06,0.0961438698700471
diverse,24_64_0.02,141,Adam,6.820663075158116e-06,0.09583698931447437
diverse,24_64_0.02,161,Adam,6.073469252852187e-06,0.09556847493304252
diverse,24_64_0.02,181,Adam,5.411184737918067e-06,0.09525099767325587
diverse,24_64_0.02,201,Adam,4.836915543404259e-06,0.09493766314949956
diverse,24_64_0.02,221,Adam,4.345545614697591e-06,0.09465668092800725
diverse,24_64_0.02,241,Adam,3.9220437704283954e-06,0.09444264860594279
diverse,24_64_0.02,261,Adam,3.550382969232557e-06,0.09431068354947346
diverse,24_64_0.02,281,Adam,3.2195249064793154e-06,0.09425543036604292
diverse,24_64_0.02,301,Adam,2.9233184294908178e-06,0.09425841855627076
diverse,24_64_0.02,321,Adam,2.6583998107098866e-06,0.09429719808047742
diverse,24_64_0.02,341,Adam,2.4227759477185694e-06,0.09435289378856776
diverse,24_64_0.02,361,Adam,2.2151151740585016e-06,0.09441286712158313
diverse,24_64_0.02,381,Adam,2.034212618337982e-06,0.09447036152372583
diverse,24_64_0.02,401,Adam,1.8784923560202611e-06,0.09452283883379145
diverse,24_64_0.02,421,Adam,1.7457015269920567e-06,0.09457053259253742
diverse,24_64_0.02,441,Adam,1.6329288396400373e-06,0.09461543329210376
diverse,24_64_0.02,461,Adam,1.5369005422087277e-06,0.0946604770503339
diverse,24_64_0.02,481,Adam,1.4543748925312387e-06,0.09470878621459947
diverse,24_64_0.02,501,Adam,1.3824594277638463e-06,0.09476302265915454
diverse,24_64_0.02,521,Adam,1.3187703892888726e-06,0.09482497720100369
diverse,24_64_0.02,541,Adam,1.26144948472337e-06,0.09489544129196995
diverse,24_64_0.02,561,Adam,1.2090972138076054e-06,0.09497430536357951
diverse,24_64_0.02,581,Adam,1.1606784410236271e-06,0.09506078046427524
diverse,24_64_0.02,601,Adam,1.1154330987885643e-06,0.09515364900609788
diverse,24_64_0.02,621,Adam,1.0728042823121077e-06,0.0952514857596518
diverse,24_64_0.02,641,Adam,1.0323844132037948e-06,0.09535282498205738
diverse,24_64_0.02,661,Adam,9.938759261912556e-07,0.09545627243625189
diverse,24_64_0.02,681,Adam,9.570625100990189e-07,0.09556057182233495
diverse,24_64_0.02,701,Adam,9.217877913812094e-07,0.09566463784341878
diverse,24_64_0.02,721,Adam,8.87939313868911e-07,0.09576756684632594
diverse,24_64_0.02,741,Adam,8.554363899084047e-07,0.09586863337826353
diverse,24_64_0.02,761,Adam,8.242208640766484e-07,0.09596727843347234
diverse,24_64_0.02,781,Adam,7.942501171938701e-07,0.09606309313997823
diverse,24_64_0.02,801,Adam,7.654918162696122e-07,0.09615580023114745
diverse,24_64_0.02,821,Adam,7.379200318075594e-07,0.0962452347530198
diverse,24_64_0.02,841,Adam,7.115124241304001e-07,0.09633132492555883
diverse,24_64_0.02,861,Adam,6.862482595249084e-07,0.09641407377022385
diverse,24_64_0.02,881,Adam,6.621070629597116e-07,0.09649354193900517
diverse,24_64_0.02,901,Adam,6.390677513486765e-07,0.09656983206664888
diverse,24_64_0.02,921,Adam,6.171081223600104e-07,0.09664307488030788
diverse,24_64_0.02,941,Adam,5.962046000083707e-07,0.09671341722028304
diverse,24_64_0.02,961,Adam,5.763321604441947e-07,0.09678101204530555
diverse,24_64_0.02,981,Adam,5.574643798477988e-07,0.09684601041680618
diverse,24_64_0.02,1001,Adam,5.395735613975273e-07,0.09690855538318346
diverse,24_64_0.02,1021,Adam,5.22630910180976e-07,0.096968777622338
diverse,24_64_0.02,1041,Adam,5.066067340052327e-07,0.09702679265272057
diverse,24_64_0.02,1061,Adam,4.914706547642968e-07,0.09708269939193369
diverse,24_64_0.02,1081,Adam,4.771918198088906e-07,0.09713657982753282
diverse,24_64_0.02,1101,Adam,4.637391060972881e-07,0.0971884995653376
diverse,24_64_0.02,1121,Adam,4.510813121968575e-07,0.09723850903340843
diverse,24_64_0.02,1141,Adam,4.391873347893039e-07,0.09728664514145771
diverse,24_64_0.02,1161,Adam,4.280263274579768e-07,0.09733293322247413
diverse,24_64_0.02,1181,Adam,4.175678403737684e-07,0.09737738911274177
diverse,24_64_0.02,1201,Adam,4.077819401532901e-07,0.09742002125582766
diverse,24_64_0.02,1221,Adam,3.9863930969840054e-07,0.09746083274373957
diverse,24_64_0.02,1241,Adam,3.901113282685995e-07,0.09749982323317852
diverse,24_64_0.02,1261,Adam,3.8217013239945247e-07,0.09753699069602272
diverse,24_64_0.02,1281,Adam,3.747886585658601e-07,0.09757233298067484
diverse,24_64_0.02,1301,Adam,3.679406687021201e-07,0.09760584917479032
diverse,24_64_0.02,1321,Adam,3.616007598362308e-07,0.09763754077045805
diverse,24_64_0.02,1341,Adam,3.557443591811104e-07,0.09766741264053952
diverse,24_64_0.02,1361,Adam,3.5034770605967056e-07,0.0976954738400248
diverse,24_64_0.02,1381,Adam,3.453878220346057e-07,0.09772173824939012
diverse,24_64_0.02,1401,Adam,3.4084247057819145e-07,0.09774622507845981
diverse,24_64_0.02,1421,Adam,3.3669010756267154e-07,0.09776895924957237
diverse,24_64_0.02,1441,Adam,3.329098237872373e-07,0.09778997167824588
diverse,24_64_0.02,1461,Adam,3.2948128069093763e-07,0.09780929946832276
diverse,24_64_0.02,1481,Adam,3.26384640338509e-07,0.0978269860369622
diverse,24_64_0.02,1501,Adam,3.236004907128416e-07,0.09784308118303031
diverse,24_64_0.02,1521,Adam,3.21109767307112e-07,0.09785764111055337
diverse,24_64_0.02,1541,Adam,3.1889367198379493e-07,0.09787072841704822
diverse,24_64_0.02,1561,Adam,3.169335900580969e-07,0.09788241205481071
diverse,24_64_0.02,1581,Adam,3.152110065702796e-07,0.09789276727167091
diverse,24_64_0.02,1601,Adam,3.137074227345928e-07,0.09790187553634988
diverse,24_64_0.02,1621,Adam,3.124042735912507e-07,0.09790982445238224
diverse,24_64_0.02,1641,Adam,3.112828479406438e-07,0.09791670766360952
diverse,24_64_0.02,1661,Adam,3.1032421170396206e-07,0.0979226247534801
diverse,24_64_0.02,1681,Adam,3.095091359292182e-07,0.09792768113980477
diverse,24_64_0.02,1701,Adam,3.0881803074365277e-07,0.09793198796618614
diverse,24_64_0.02,1721,Adam,3.082308866394738e-07,0.09793566199105747
diverse,24_64_0.02,1741,Adam,3.0772722456636456e-07,0.09793882547511928
diverse,24_64_0.02,1761,Adam,3.072860563872847e-07,0.09794160606795024
diverse,24_64_0.02,1781,Adam,3.0688585732955693e-07,0.09794413669467672
diverse,24_64_0.02,1800,Adam,3.0652351572400487e-07,0.09794643497389788
diverse,24_64_0.02,1810,LBFGS,3.2195249064793154e-06,0.09425543036604292
diverse,24_64_0.02,1820,LBFGS,3.2195249064793154e-06,0.09425543036604292
diverse,24_64_0.02,1830,LBFGS,3.2195249064793154e-06,0.09425543036604292
diverse,24_64_0.02,1840,LBFGS,3.2195249064793154e-06,0.09425543036604292
diverse,24_64_0.02,1850,LBFGS,3.2195249064793154e-06,0.09425543036604292
diverse,24_64_0.02,1860,LBFGS,3.2195249064793154e-06,0.09425543036604292
diverse,24_64_0.02,1870,LBFGS,3.2195249064793154e-06,0.09425543036604292
diverse,24_64_0.02,1880,LBFGS,3.2195249064793154e-06,0.09425543036604292
diverse,24_64_0.02,1890,LBFGS,3.2195249064793154e-06,0.09425543036604292
diverse,24_64_0.02,1900,LBFGS,3.2195249064793154e-06,0.09425543036604292
diverse,24_64_0.02,1910,LBFGS,3.2195249064793154e-06,0.09425543036604292
diverse,24_64_0.02,1920,LBFGS,3.2195249064793154e-06,0.09425543036604292
diverse,24_64_0.02,1930,LBFGS,3.2195249064793154e-06,0.09425543036604292
diverse,24_64_0.02,1940,LBFGS,3.2195249064793154e-06,0.09425543036604292
diverse,24_64_0.02,1950,LBFGS,3.2195249064793154e-06,0.09425543036604292
diverse,24_64_0.02,1960,LBFGS,3.2195249064793154e-06,0.09425543036604292
diverse,24_64_0.02,1970,LBFGS,3.2195249064793154e-06,0.09425543036604292
diverse,24_64_0.02,1980,LBFGS,3.2195249064793154e-06,0.09425543036604292
diverse,24_64_0.02,1990,LBFGS,3.2195249064793154e-06,0.09425543036604292
diverse,24_64_0.02,2000,LBFGS,3.2195249064793154e-06,0.09425543036604292
diverse,24_64_0.02,2010,LBFGS,3.2195249064793154e-06,0.09425543036604292
diverse,24_64_0.02,2020,LBFGS,3.2195249064793154e-06,0.09425543036604292
diverse,24_64_0.02,2030,LBFGS,3.2195249064793154e-06,0.09425543036604292
diverse,24_64_0.02,2040,LBFGS,3.2195249064793154e-06,0.09425543036604292
diverse,24_64_0.02,2050,LBFGS,3.2195249064793154e-06,0.09425543036604292
diverse,24_96_0.02,1,Adam,0.0004999220586345432,0.2260485552187031
diverse,24_96_0.02,21,Adam,4.267370203770068e-05,0.11970304803298112
diverse,24_96_0.02,41,Adam,1.810816004814072e-05,0.1005719677689166
diverse,24_96_0.02,61,Adam,1.0327938331819067e-05,0.09606438527482333
diverse,24_96_0.02,81,Adam,7.90853713293328e-06,0.09604866692126249
diverse,24_96_0.02,101,Adam,6.632627084125627e-06,0.09586291105815604
diverse,24_96_0.02,121,Adam,5.643107820984657e-06,0.09547948566881176
diverse,24_96_0.02,141,Adam,4.847159602910264e-06,0.0952520197494619
diverse,24_96_0.02,161,Adam,4.181232627064258e-06,0.09507317663645493
diverse,24_96_0.02,181,Adam,3.6132586053554615e-06,0.09506594537216023
diverse,24_96_0.02,201,Adam,3.1274269099466847e-06,0.09516445244349758
diverse,24_96_0.02,221,Adam,2.716299378206802e-06,0.095301102201379
diverse,24_96_0.02,241,Adam,2.374745551209452e-06,0.09541980803445929
diverse,24_96_0.02,261,Adam,2.096741478669818e-06,0.09549365278460412
diverse,24_96_0.02,281,Adam,1.874769134754765e-06,0.09551699572322042
diverse,24_96_0.02,301,Adam,1.700035221826717e-06,0.09549830058755132
diverse,24_96_0.02,321,Adam,1.5628336403406243e-06,0.09545064163608535
diverse,24_96_0.02,341,Adam,1.4534720602226896e-06,0.09538762741229673
diverse,24_96_0.02,361,Adam,1.3635066812192565e-06,0.09532092075650693
diverse,24_96_0.02,381,Adam,1.286518967883916e-06,0.09525903165524904
diverse,24_96_0.02,401,Adam,1.2181413858988586e-06,0.095207102391062
diverse,24_96_0.02,421,Adam,1.1556163216213857e-06,0.09516737604492996
diverse,24_96_0.02,441,Adam,1.0972713388890492e-06,0.09514002197816591
diverse,24_96_0.02,461,Adam,1.0421075040477742e-06,0.09512401202786601
diverse,24_96_0.02,481,Adam,9.895297541783573e-07,0.09511783022632957
diverse,24_96_0.02,501,Adam,9.391833020232014e-07,0.09511993059598922
diverse,24_96_0.02,521,Adam,8.908563366475762e-07,0.0951289655568546
diverse,24_96_0.02,541,Adam,8.444220514845721e-07,0.09514385444220311
diverse,24_96_0.02,561,Adam,7.998041095076208e-07,0.09516376087840572
diverse,24_96_0.02,581,Adam,7.569562598700104e-07,0.09518802910626964
diverse,24_96_0.02,601,Adam,7.158504346277485e-07,0.09521611131194889
diverse,24_96_0.02,621,Adam,6.76469749408905e-07,0.09524750483267037
diverse,24_96_0.02,641,Adam,6.38804171798011e-07,0.09528170857483381
diverse,24_96_0.02,661,Adam,6.028475217451892e-07,0.09531820101164147
diverse,24_96_0.02,681,Adam,5.685950698363827e-07,0.0953564373553145
diverse,24_96_0.02,701,Adam,5.360413892508133e-07,0.09539586078753694
diverse,24_96_0.02,721,Adam,5.051783602493337e-07,0.09543592170623402
diverse,24_96_0.02,741,Adam,4.7599336624980854e-07,0.09547609936078236
diverse,24_96_0.02,761,Adam,4.4846778543120976e-07,0.0955159214830977
diverse,24_96_0.02,781,Adam,4.2257588998197195e-07,0.09555497909919437
diverse,24_96_0.02,801,Adam,3.9828423333627795e-07,0.0955929352522336
diverse,24_96_0.02,821,Adam,3.7555155179042384e-07,0.09562952764034205
diverse,24_96_0.02,841,Adam,3.543291483401608e-07,0.09566456605040342
diverse,24_96_0.02,861,Adam,3.345616778023219e-07,0.09569792593583884
diverse,24_96_0.02,881,Adam,3.1618822194716445e-07,0.09572953960055161
diverse,24_96_0.02,901,Adam,2.991435337593749e-07,0.09575938631347344
diverse,24_96_0.02,921,Adam,2.8335933815773167e-07,0.09578748239939239
diverse,24_96_0.02,941,Adam,2.687655966749949e-07,0.09581387202814398
diverse,24_96_0.02,961,Adam,2.5529166923046197e-07,0.09583861912349431
diverse,24_96_0.02,981,Adam,2.4286733176611574e-07,0.09586180057187144
diverse,24_96_0.02,1001,Adam,2.314236305695471e-07,0.09588350074059107
diverse,24_96_0.02,1021,Adam,2.2089357088737664e-07,0.09590380720967656
diverse,24_96_0.02,1041,Adam,2.1121264875057436e-07,0.09592280756696711
diverse,24_96_0.02,1061,Adam,2.023192415168276e-07,0.09594058709740183
diverse,24_96_0.02,1081,Adam,1.941548756110119e-07,0.09595722720058825
diverse,24_96_0.02,1101,Adam,1.8666439046525235e-07,0.09597280438582664
diverse,24_96_0.02,1121,Adam,1.7979601669855565e-07,0.09598738971387447
diverse,24_96_0.02,1141,Adam,1.7350138485309916e-07,0.09600104857582321
diverse,24_96_0.02,1161,Adam,1.67735478996395e-07,0.0960138407193506
diverse,24_96_0.02,1181,Adam,1.624565474861004e-07,0.09602582045032933
diverse,24_96_0.02,1201,Adam,1.576259813198235e-07,0.09603703695300889
diverse,24_96_0.02,1221,Adam,1.53208168812127e-07,0.09604753468479252
diverse,24_96_0.02,1241,Adam,1.4917033386394398e-07,0.09605735381220286
diverse,24_96_0.02,1261,Adam,1.4548236380256268e-07,0.09606653066323062
diverse,24_96_0.02,1281,Adam,1.421166316529662e-07,0.09607509817815657
diverse,24_96_0.02,1301,Adam,1.390478167334529e-07,0.09608308634638292
diverse,24_96_0.02,1321,Adam,1.362527266329716e-07,0.09609052262104362
diverse,24_96_0.02,1341,Adam,1.337101229104357e-07,0.0960974323063887
diverse,24_96_0.02,1361,Adam,1.3140055224608328e-07,0.09610383891535022
diverse,24_96_0.02,1381,Adam,1.2930618426190072e-07,0.09610976449644762
diverse,24_96_0.02,1401,Adam,1.2741065680340752e-07,0.09611522993042748
diverse,24_96_0.02,1421,Adam,1.256989291303135e-07,0.09612025519786432
diverse,24_96_0.02,1441,Adam,1.2415714319057406e-07,0.09612485961947745
diverse,24_96_0.02,1461,Adam,1.2277249294334355e-07,0.09612906207121735
diverse,24_96_0.02,1481,Adam,1.2153310154369052e-07,0.09613288117630941
diverse,24_96_0.02,1501,Adam,1.20427906098642e-07,0.09613633547645836
diverse,24_96_0.02,1521,Adam,1.194465496436712e-07,0.09613944358435342
diverse,24_96_0.02,1541,Adam,1.1857927996527184e-07,0.09614222431949584
diverse,24_96_0.02,1561,Adam,1.1781685490362547e-07,0.09614469682922117
diverse,24_96_0.02,1581,Adam,1.1715045380504246e-07,0.09614688069661628
diverse,24_96_0.02,1601,Adam,1.1657159485291382e-07,0.09614879603684948
diverse,24_96_0.02,1621,Adam,1.1607205808491397e-07,0.09615046358323631
diverse,24_96_0.02,1641,Adam,1.1564381400000097e-07,0.09615190476416097
diverse,24_96_0.02,1661,Adam,1.1527895776844187e-07,0.09615314177175356
diverse,24_96_0.02,1681,Adam,1.149696491787073e-07,0.09615419762298637
diverse,24_96_0.02,1701,Adam,1.1470805858347136e-07,0.09615509621359007
diverse,24_96_0.02,1721,Adam,1.1448631923967308e-07,0.09615586236490772
diverse,24_96_0.02,1741,Adam,1.1429648657058344e-07,0.09615652186350443
diverse,24_96_0.02,1761,Adam,1.1413050500641544e-07,0.09615710149304732
diverse,24_96_0.02,1781,Adam,1.1398018317866292e-07,0.09615762905768496
diverse,24_96_0.02,1800,Adam,1.1384428538874029e-07,0.09615810827362048
diverse,24_96_0.02,1810,LBFGS,3.6132586053554615e-06,0.09506594537216023
diverse,24_96_0.02,1820,LBFGS,3.6132586053554615e-06,0.09506594537216023
diverse,24_96_0.02,1830,LBFGS,3.6132586053554615e-06,0.09506594537216023
diverse,24_96_0.02,1840,LBFGS,3.6132586053554615e-06,0.09506594537216023
diverse,24_96_0.02,1850,LBFGS,3.6132586053554615e-06,0.09506594537216023
diverse,24_96_0.02,1860,LBFGS,3.6132586053554615e-06,0.09506594537216023
diverse,24_96_0.02,1870,LBFGS,3.6132586053554615e-06,0.09506594537216023
diverse,24_96_0.02,1880,LBFGS,3.6132586053554615e-06,0.09506594537216023
diverse,24_96_0.02,1890,LBFGS,3.6132586053554615e-06,0.09506594537216023
diverse,24_96_0.02,1900,LBFGS,3.6132586053554615e-06,0.09506594537216023
diverse,24_96_0.02,1910,LBFGS,3.6132586053554615e-06,0.09506594537216023
diverse,24_96_0.02,1920,LBFGS,3.6132586053554615e-06,0.09506594537216023
diverse,24_96_0.02,1930,LBFGS,3.6132586053554615e-06,0.09506594537216023
diverse,24_96_0.02,1940,LBFGS,3.6132586053554615e-06,0.09506594537216023
diverse,24_96_0.02,1950,LBFGS,3.6132586053554615e-06,0.09506594537216023
diverse,24_96_0.02,1960,LBFGS,3.6132586053554615e-06,0.09506594537216023
diverse,24_96_0.02,1970,LBFGS,3.6132586053554615e-06,0.09506594537216023
diverse,24_96_0.02,1980,LBFGS,3.6132586053554615e-06,0.09506594537216023
diverse,24_96_0.02,1990,LBFGS,3.6132586053554615e-06,0.09506594537216023
diverse,24_96_0.02,2000,LBFGS,3.6132586053554615e-06,0.09506594537216023
diverse,24_96_0.02,2010,LBFGS,3.6132586053554615e-06,0.09506594537216023
diverse,24_96_0.02,2020,LBFGS,3.6132586053554615e-06,0.09506594537216023
diverse,24_96_0.02,2030,LBFGS,3.6132586053554615e-06,0.09506594537216023
diverse,24_96_0.02,2040,LBFGS,3.6132586053554615e-06,0.09506594537216023
diverse,24_96_0.02,2050,LBFGS,3.6132586053554615e-06,0.09506594537216023
diverse,selected_seed_17,1,Adam,0.000492980055040057,0.22524490190292185
diverse,selected_seed_17,21,Adam,8.471948594192049e-05,0.1267939797955689
diverse,selected_seed_17,41,Adam,2.379075636373448e-05,0.09627109608063156
diverse,selected_seed_17,61,Adam,1.1096926513906807e-05,0.08547915242671378
diverse,selected_seed_17,81,Adam,7.859977311442051e-06,0.08416981555172964
diverse,selected_seed_17,101,Adam,6.685088671237289e-06,0.08369354707835414
diverse,selected_seed_17,121,Adam,5.894296191000428e-06,0.08314549578063737
diverse,selected_seed_17,141,Adam,5.255010511895196e-06,0.0830362599907343
diverse,selected_seed_17,161,Adam,4.721202243375824e-06,0.08292044684361917
diverse,selected_seed_17,181,Adam,4.265472039518403e-06,0.08279144675588887
diverse,selected_seed_17,201,Adam,3.867992706871461e-06,0.0827002136059469
diverse,selected_seed_17,221,Adam,3.5137964941199266e-06,0.08265169868614558
diverse,selected_seed_17,241,Adam,3.1930048444045116e-06,0.08264685010678033
diverse,selected_seed_17,261,Adam,2.9005230817518876e-06,0.08267529763952777
diverse,selected_seed_17,281,Adam,2.6347644684437703e-06,0.08272473372089456
diverse,selected_seed_17,301,Adam,2.3960450670704068e-06,0.08278387405551452
diverse,selected_seed_17,321,Adam,2.185165990659812e-06,0.08284557720092474
diverse,selected_seed_17,341,Adam,2.002312045873682e-06,0.08290572916846867
diverse,selected_seed_17,361,Adam,1.846404766022512e-06,0.08296287773759624
diverse,selected_seed_17,381,Adam,1.7149974161582203e-06,0.08301760933426458
diverse,selected_seed_17,401,Adam,1.6046360094081487e-06,0.08307200348334737
diverse,selected_seed_17,421,Adam,1.5114551111740114e-06,0.08312892055114199
diverse,selected_seed_17,441,Adam,1.4317419700772172e-06,0.0831912174966973
diverse,selected_seed_17,461,Adam,1.3622999243552115e-06,0.08326108942464228
diverse,selected_seed_17,481,Adam,1.3005835684055685e-06,0.08333970976046158
diverse,selected_seed_17,501,Adam,1.244671232139538e-06,0.08342718897196137
diverse,selected_seed_17,521,Adam,1.1931602830845613e-06,0.083522754797911
diverse,selected_seed_17,541,Adam,1.14504704887177e-06,0.0836250274411629
diverse,selected_seed_17,561,Adam,1.0996216576676971e-06,0.08373229481893367
diverse,selected_seed_17,581,Adam,1.0563863769483494e-06,0.08384273888452466
diverse,selected_seed_17,601,Adam,1.0149957400408764e-06,0.0839545988832484
diverse,selected_seed_17,621,Adam,9.75213643795067e-07,0.08406627622963399
diverse,selected_seed_17,641,Adam,9.368826788939992e-07,0.08417639284314796
diverse,selected_seed_17,661,Adam,8.999019825458147e-07,0.08428381560978024
diverse,selected_seed_17,681,Adam,8.642109714238364e-07,0.0843876577643678
diverse,selected_seed_17,701,Adam,8.297771598172742e-07,0.0844872653914433
diverse,selected_seed_17,721,Adam,7.965868747447494e-07,0.08458219486985571
diverse,selected_seed_17,741,Adam,7.646380930609775e-07,0.08467218529109893
diverse,selected_seed_17,761,Adam,7.339348980302473e-07,0.08475712867316818
diverse,selected_seed_17,781,Adam,7.044832270085203e-07,0.08483704002096135
diverse,selected_seed_17,801,Adam,6.76287688697434e-07,0.08491202877068099
diverse,selected_seed_17,821,Adam,6.493492897239423e-07,0.08498227275945111
diverse,selected_seed_17,841,Adam,6.236639416966148e-07,0.0850479955037682
diverse,selected_seed_17,861,Adam,5.992216330052588e-07,0.08510944722613197
diverse,selected_seed_17,881,Adam,5.760061532429109e-07,0.08516688974711864
diverse,selected_seed_17,901,Adam,5.539952586910157e-07,0.0852205850831781
diverse,selected_seed_17,921,Adam,5.33161169141165e-07,0.08527078737996285
diverse,selected_seed_17,941,Adam,5.134712917903869e-07,0.08531773767805076
diverse,selected_seed_17,961,Adam,4.948890777312063e-07,0.08536166095078018
diverse,selected_seed_17,981,Adam,4.773749301061083e-07,0.08540276486046053
diverse,selected_seed_17,1001,Adam,4.608870989981625e-07,0.08544123973150748
diverse,selected_seed_17,1021,Adam,4.4538251499086406e-07,0.08547725931804126
diverse,selected_seed_17,1041,Adam,4.308175295446324e-07,0.08551098203249094
diverse,selected_seed_17,1061,Adam,4.171485447269436e-07,0.08554255238832977
diverse,selected_seed_17,1081,Adam,4.0433252665376314e-07,0.08557210248640149
diverse,selected_seed_17,1101,Adam,3.9232740594106e-07,0.08559975343662837
diverse,selected_seed_17,1121,Adam,3.8109237457801006e-07,0.08562561665447471
diverse,selected_seed_17,1141,Adam,3.7058809222762883e-07,0.08564979500557098
diverse,selected_seed_17,1161,Adam,3.607768164948721e-07,0.08567238379456077
diverse,selected_seed_17,1181,Adam,3.5162247169025153e-07,0.0856934716080048
diverse,selected_seed_17,1201,Adam,3.430906695551477e-07,0.08571314102844368
diverse,selected_seed_17,1221,Adam,3.3514869373625724e-07,0.08573146923952163
diverse,selected_seed_17,1241,Adam,3.2776545784663014e-07,0.08574852854202353
diverse,selected_seed_17,1261,Adam,3.2091144498233987e-07,0.08576438679899887
diverse,selected_seed_17,1281,Adam,3.1455863474335034e-07,0.08577910782567974
diverse,selected_seed_17,1301,Adam,3.0868042222869633e-07,0.08579275173721594
diverse,selected_seed_17,1321,Adam,3.032515321781004e-07,0.08580537526467957
diverse,selected_seed_17,1341,Adam,2.982479304142338e-07,0.08581703204751673
diverse,selected_seed_17,1361,Adam,2.93646733977468e-07,0.0858277729087119
diverse,selected_seed_17,1381,Adam,2.894261208009852e-07,0.08583764611737998
diverse,selected_seed_17,1401,Adam,2.8556523940742584e-07,0.08584669764227719
diverse,selected_seed_17,1421,Adam,2.820441188791112e-07,0.08585497139876433
diverse,selected_seed_17,1441,Adam,2.788435792273073e-07,0.08586250949101251
diverse,selected_seed_17,1461,Adam,2.759451422330575e-07,0.08586935245064883
diverse,selected_seed_17,1481,Adam,2.733309428301563e-07,0.08587553947255919
diverse,selected_seed_17,1501,Adam,2.7098364113300295e-07,0.0858811086481567
diverse,selected_seed_17,1521,Adam,2.688863352664078e-07,0.08588609719605991
diverse,selected_seed_17,1541,Adam,2.6702247522282017e-07,0.0858905416897852
diverse,selected_seed_17,1561,Adam,2.653757780497974e-07,0.08589447828172952
diverse,selected_seed_17,1581,Adam,2.6393014475372803e-07,0.08589794292239197
diverse,selected_seed_17,1601,Adam,2.626695793931526e-07,0.08590097157345249
diverse,selected_seed_17,1621,Adam,2.615781109255382e-07,0.08590360041298933
diverse,selected_seed_17,1641,Adam,2.606397184645425e-07,0.08590586603078265
diverse,selected_seed_17,1661,Adam,2.598382607000593e-07,0.08590780561132787
diverse,selected_seed_17,1681,Adam,2.59157410330043e-07,0.08590945710190373
diverse,selected_seed_17,1701,Adam,2.5858059445017987e-07,0.08591085936285851
diverse,selected_seed_17,1721,Adam,2.580909419434333e-07,0.08591205229728421
diverse,selected_seed_17,1741,Adam,2.5767123900429853e-07,0.08591307695758099
diverse,selected_seed_17,1761,Adam,2.5730389401963147e-07,0.08591397562723413
diverse,selected_seed_17,1781,Adam,2.569709131058474e-07,0.08591479187758036
diverse,selected_seed_17,1800,Adam,2.5666964891455474e-07,0.08591553184828929
diverse,selected_seed_17,1810,LBFGS,3.1930048444045116e-06,0.08264685010678033
diverse,selected_seed_17,1820,LBFGS,3.1930048444045116e-06,0.08264685010678033
diverse,selected_seed_17,1830,LBFGS,3.1930048444045116e-06,0.08264685010678033
diverse,selected_seed_17,1840,LBFGS,3.1930048444045116e-06,0.08264685010678033
diverse,selected_seed_17,1850,LBFGS,3.1930048444045116e-06,0.08264685010678033
diverse,selected_seed_17,1860,LBFGS,3.1930048444045116e-06,0.08264685010678033
diverse,selected_seed_17,1870,LBFGS,3.1930048444045116e-06,0.08264685010678033
diverse,selected_seed_17,1880,LBFGS,3.1930048444045116e-06,0.08264685010678033
diverse,selected_seed_17,1890,LBFGS,3.1930048444045116e-06,0.08264685010678033
diverse,selected_seed_17,1900,LBFGS,3.1930048444045116e-06,0.08264685010678033
diverse,selected_seed_17,1910,LBFGS,3.1930048444045116e-06,0.08264685010678033
diverse,selected_seed_17,1920,LBFGS,3.1930048444045116e-06,0.08264685010678033
diverse,selected_seed_17,1930,LBFGS,3.1930048444045116e-06,0.08264685010678033
diverse,selected_seed_17,1940,LBFGS,3.1930048444045116e-06,0.08264685010678033
diverse,selected_seed_17,1950,LBFGS,3.1930048444045116e-06,0.08264685010678033
diverse,selected_seed_17,1960,LBFGS,3.1930048444045116e-06,0.08264685010678033
diverse,selected_seed_17,1970,LBFGS,3.1930048444045116e-06,0.08264685010678033
diverse,selected_seed_17,1980,LBFGS,3.1930048444045116e-06,0.08264685010678033
diverse,selected_seed_17,1990,LBFGS,3.1930048444045116e-06,0.08264685010678033
diverse,selected_seed_17,2000,LBFGS,3.1930048444045116e-06,0.08264685010678033
diverse,selected_seed_17,2010,LBFGS,3.1930048444045116e-06,0.08264685010678033
diverse,selected_seed_17,2020,LBFGS,3.1930048444045116e-06,0.08264685010678033
diverse,selected_seed_17,2030,LBFGS,3.1930048444045116e-06,0.08264685010678033
diverse,selected_seed_17,2040,LBFGS,3.1930048444045116e-06,0.08264685010678033
diverse,selected_seed_17,2050,LBFGS,3.1930048444045116e-06,0.08264685010678033
diverse,selected_seed_27,1,Adam,0.0004935983354050884,0.22581704043300924
diverse,selected_seed_27,21,Adam,9.051775258292702e-05,0.14307162252120215
diverse,selected_seed_27,41,Adam,2.9394991998689678e-05,0.11798361178693995
diverse,selected_seed_27,61,Adam,1.3979349865050423e-05,0.09823701950503456
diverse,selected_seed_27,81,Adam,9.682129641704791e-06,0.09312978174515985
diverse,selected_seed_27,101,Adam,7.97845842447923e-06,0.09195688330932146
diverse,selected_seed_27,121,Adam,6.903210588292471e-06,0.09082136322444578
diverse,selected_seed_27,141,Adam,6.014722707947812e-06,0.09006016529580747
diverse,selected_seed_27,161,Adam,5.282416836765115e-06,0.08952707728901213
diverse,selected_seed_27,181,Adam,4.684369643386773e-06,0.0891020811810768
diverse,selected_seed_27,201,Adam,4.191348303612834e-06,0.08883979852647679
diverse,selected_seed_27,221,Adam,3.7734471494227224e-06,0.08868667182962138
diverse,selected_seed_27,241,Adam,3.4079336982044836e-06,0.0886300704647884
diverse,selected_seed_27,261,Adam,3.0803437785751482e-06,0.08865330756218613
diverse,selected_seed_27,281,Adam,2.7829777596300034e-06,0.08873387557380454
diverse,selected_seed_27,301,Adam,2.5126984303159104e-06,0.08885240698833106
diverse,selected_seed_27,321,Adam,2.2689197018918077e-06,0.08899420151106681
diverse,selected_seed_27,341,Adam,2.052085381002258e-06,0.08914895609713921
diverse,selected_seed_27,361,Adam,1.862514967961396e-06,0.08930880321001797
diverse,selected_seed_27,381,Adam,1.6995818882169698e-06,0.089467512753888
diverse,selected_seed_27,401,Adam,1.5613522975900254e-06,0.08962048488454658
diverse,selected_seed_27,421,Adam,1.4447447195391664e-06,0.0897650381084426
diverse,selected_seed_27,441,Adam,1.3460599066916047e-06,0.08990039307249029
diverse,selected_seed_27,461,Adam,1.2615916130678828e-06,0.09002727636468744
diverse,selected_seed_27,481,Adam,1.1880720811248327e-06,0.09014733136098205
diverse,selected_seed_27,501,Adam,1.1228675411203043e-06,0.0902625581326983
diverse,selected_seed_27,521,Adam,1.0639786643942917e-06,0.09037490176707903
diverse,selected_seed_27,541,Adam,1.0099452936466338e-06,0.0904860105547524
diverse,selected_seed_27,561,Adam,9.59729391553507e-07,0.09059713303794312
diverse,selected_seed_27,581,Adam,9.12610200450278e-07,0.09070910862390495
diverse,selected_seed_27,601,Adam,8.681000185432101e-07,0.09082241014792684
diverse,selected_seed_27,621,Adam,8.258789451086823e-07,0.09093720762845511
diverse,selected_seed_27,641,Adam,7.857448560804637e-07,0.0910534348002064
diverse,selected_seed_27,661,Adam,7.47575284902514e-07,0.09117085004649664
diverse,selected_seed_27,681,Adam,7.112986552512354e-07,0.09128908930279264
diverse,selected_seed_27,701,Adam,6.768729346022699e-07,0.09140771087286498
diverse,selected_seed_27,721,Adam,6.442702183179792e-07,0.09152623249234042
diverse,selected_seed_27,741,Adam,6.134660565140813e-07,0.09164416084406811
diverse,selected_seed_27,761,Adam,5.84432542773204e-07,0.09176101380538024
diverse,selected_seed_27,781,Adam,5.571343303979828e-07,0.09187633606314818
diverse,selected_seed_27,801,Adam,5.315268563402929e-07,0.09198970913848507
diverse,selected_seed_27,821,Adam,5.075561540193352e-07,0.09210075709846902
diverse,selected_seed_27,841,Adam,4.851597336488651e-07,0.09220914922002231
diverse,selected_seed_27,861,Adam,4.6426810497869423e-07,0.09231460066185551
diverse,selected_seed_27,881,Adam,4.448066106743494e-07,0.09241687190041062
diverse,selected_seed_27,901,Adam,4.2669732526316833e-07,0.0925157673934838
diverse,selected_seed_27,921,Adam,4.0986085109945803e-07,0.09261113371077798
diverse,selected_seed_27,941,Adam,3.9421790672975734e-07,0.09270285723316606
diverse,selected_seed_27,961,Adam,3.7969065346128326e-07,0.09279086146204932
diverse,selected_seed_27,981,Adam,3.6620374331261515e-07,0.09287510397308257
diverse,selected_seed_27,1001,Adam,3.536850972986572e-07,0.09295557306902959
diverse,selected_seed_27,1021,Adam,3.4206643915058657e-07,0.09303228421399401
diverse,selected_seed_27,1041,Adam,3.312836182250717e-07,0.09310527635269004
diverse,selected_seed_27,1061,Adam,3.2127675852502466e-07,0.09317460822781688
diverse,selected_seed_27,1081,Adam,3.119902701725041e-07,0.09324035480528398
diverse,selected_seed_27,1101,Adam,3.0337275674476075e-07,0.0933026039033924
diverse,selected_seed_27,1121,Adam,2.9537684767482854e-07,0.09336145310181121
diverse,selected_seed_27,1141,Adam,2.879589801984382e-07,0.09341700698303097
diverse,selected_seed_27,1161,Adam,2.8107915062121736e-07,0.09346937473602204
diverse,selected_seed_27,1181,Adam,2.7470065031059726e-07,0.09351866813123916
diverse,selected_seed_27,1201,Adam,2.6878979796567316e-07,0.09356499985914789
diverse,selected_seed_27,1221,Adam,2.6331567646063096e-07,0.09360848221159185
diverse,selected_seed_27,1241,Adam,2.582498798979782e-07,0.09364922607650278
diverse,selected_seed_27,1261,Adam,2.535662744070715e-07,0.09368734021124767
diverse,selected_seed_27,1281,Adam,2.4924077461738773e-07,0.09372293075770213
diverse,selected_seed_27,1301,Adam,2.452511365502765e-07,0.09375610096225599
diverse,selected_seed_27,1321,Adam,2.415767668323123e-07,0.09378695106574919
diverse,selected_seed_27,1341,Adam,2.38198547567463e-07,0.09381557833123047
diverse,selected_seed_27,1361,Adam,2.350986758519435e-07,0.09384207718094727
diverse,selected_seed_27,1381,Adam,2.3226051672205078e-07,0.09386653941774534
diverse,selected_seed_27,1401,Adam,2.2966846824834865e-07,0.09388905450980178
diverse,selected_seed_27,1421,Adam,2.2730783749502731e-07,0.09390970992114933
diverse,selected_seed_27,1441,Adam,2.251647261247034e-07,0.09392859147365121
diverse,selected_seed_27,1461,Adam,2.2322592452661834e-07,0.09394578372889069
diverse,selected_seed_27,1481,Adam,2.2147881346576714e-07,0.09396137038082404
diverse,selected_seed_27,1501,Adam,2.1991127238193163e-07,0.09397543465201365
diverse,selected_seed_27,1521,Adam,2.1851159360412065e-07,0.09398805968783452
diverse,selected_seed_27,1541,Adam,2.1726840188324669e-07,0.09399932894426397
diverse,selected_seed_27,1561,Adam,2.1617057878147222e-07,0.09400932656576504
diverse,selected_seed_27,1581,Adam,2.152071915892175e-07,0.09401813775039428
diverse,selected_seed_27,1601,Adam,2.1436742656980564e-07,0.09402584909964681
diverse,selected_seed_27,1621,Adam,2.1364052645703532e-07,0.09403254895072688
diverse,selected_seed_27,1641,Adam,2.1301573225269506e-07,0.09403832768893142
diverse,selected_seed_27,1661,Adam,2.124822294892163e-07,0.09404327803767998
diverse,selected_seed_27,1681,Adam,2.1202909923713036e-07,0.09404749532344317
diverse,selected_seed_27,1701,Adam,2.1164527424733121e-07,0.09405107771243468
diverse,selected_seed_27,1721,Adam,2.1131950072339568e-07,0.094054126415499
diverse,selected_seed_27,1741,Adam,2.1104030631805887e-07,0.09405674585721661
diverse,selected_seed_27,1761,Adam,2.1079597503840275e-07,0.09405904380500268
diverse,selected_seed_27,1781,Adam,2.1057452982385381e-07,0.09406113145403266
diverse,selected_seed_27,1800,Adam,2.1037420340889544e-07,0.09406302432568103
diverse,selected_seed_27,1810,LBFGS,3.4079336982044836e-06,0.0886300704647884
diverse,selected_seed_27,1820,LBFGS,3.4079336982044836e-06,0.0886300704647884
diverse,selected_seed_27,1830,LBFGS,3.4079336982044836e-06,0.0886300704647884
diverse,selected_seed_27,1840,LBFGS,3.4079336982044836e-06,0.0886300704647884
diverse,selected_seed_27,1850,LBFGS,3.4079336982044836e-06,0.0886300704647884
diverse,selected_seed_27,1860,LBFGS,3.4079336982044836e-06,0.0886300704647884
diverse,selected_seed_27,1870,LBFGS,3.4079336982044836e-06,0.0886300704647884
diverse,selected_seed_27,1880,LBFGS,3.4079336982044836e-06,0.0886300704647884
diverse,selected_seed_27,1890,LBFGS,3.4079336982044836e-06,0.0886300704647884
diverse,selected_seed_27,1900,LBFGS,3.4079336982044836e-06,0.0886300704647884
diverse,selected_seed_27,1910,LBFGS,3.4079336982044836e-06,0.0886300704647884
diverse,selected_seed_27,1920,LBFGS,3.4079336982044836e-06,0.0886300704647884
diverse,selected_seed_27,1930,LBFGS,3.4079336982044836e-06,0.0886300704647884
diverse,selected_seed_27,1940,LBFGS,3.4079336982044836e-06,0.0886300704647884
diverse,selected_seed_27,1950,LBFGS,3.4079336982044836e-06,0.0886300704647884
diverse,selected_seed_27,1960,LBFGS,3.4079336982044836e-06,0.0886300704647884
diverse,selected_seed_27,1970,LBFGS,3.4079336982044836e-06,0.0886300704647884
diverse,selected_seed_27,1980,LBFGS,3.4079336982044836e-06,0.0886300704647884
diverse,selected_seed_27,1990,LBFGS,3.4079336982044836e-06,0.0886300704647884
diverse,selected_seed_27,2000,LBFGS,3.4079336982044836e-06,0.0886300704647884
diverse,selected_seed_27,2010,LBFGS,3.4079336982044836e-06,0.0886300704647884
diverse,selected_seed_27,2020,LBFGS,3.4079336982044836e-06,0.0886300704647884
diverse,selected_seed_27,2030,LBFGS,3.4079336982044836e-06,0.0886300704647884
diverse,selected_seed_27,2040,LBFGS,3.4079336982044836e-06,0.0886300704647884
diverse,selected_seed_27,2050,LBFGS,3.4079336982044836e-06,0.0886300704647884
